CREATE DATABASE  IF NOT EXISTS `kaitsu74_slim` /*!40100 DEFAULT CHARACTER SET utf8 COLLATE utf8_swedish_ci */;
USE `kaitsu74_slim`;
-- MySQL dump 10.13  Distrib 5.7.17, for Win64 (x86_64)
--
-- Host: localhost    Database: kaitsu74_slim
-- ------------------------------------------------------
-- Server version	5.7.22-log

/*!40101 SET @OLD_CHARACTER_SET_CLIENT=@@CHARACTER_SET_CLIENT */;
/*!40101 SET @OLD_CHARACTER_SET_RESULTS=@@CHARACTER_SET_RESULTS */;
/*!40101 SET @OLD_COLLATION_CONNECTION=@@COLLATION_CONNECTION */;
/*!40101 SET NAMES utf8 */;
/*!40103 SET @OLD_TIME_ZONE=@@TIME_ZONE */;
/*!40103 SET TIME_ZONE='+00:00' */;
/*!40014 SET @OLD_UNIQUE_CHECKS=@@UNIQUE_CHECKS, UNIQUE_CHECKS=0 */;
/*!40014 SET @OLD_FOREIGN_KEY_CHECKS=@@FOREIGN_KEY_CHECKS, FOREIGN_KEY_CHECKS=0 */;
/*!40101 SET @OLD_SQL_MODE=@@SQL_MODE, SQL_MODE='NO_AUTO_VALUE_ON_ZERO' */;
/*!40111 SET @OLD_SQL_NOTES=@@SQL_NOTES, SQL_NOTES=0 */;

--
-- Table structure for table `dining`
--

DROP TABLE IF EXISTS `dining`;
/*!40101 SET @saved_cs_client     = @@character_set_client */;
/*!40101 SET character_set_client = utf8 */;
CREATE TABLE `dining` (
  `id` int(10) unsigned NOT NULL AUTO_INCREMENT,
  `name` varchar(100) CHARACTER SET utf8 COLLATE utf8_swedish_ci NOT NULL,
  `energy` smallint(5) unsigned NOT NULL,
  `diningTime` datetime NOT NULL,
  `comments` varchar(512) CHARACTER SET utf8 COLLATE utf8_swedish_ci DEFAULT NULL,
  `userId` int(10) unsigned NOT NULL,
  PRIMARY KEY (`id`),
  KEY `fk_dining_userId` (`userId`),
  CONSTRAINT `fk_dining_userId` FOREIGN KEY (`userId`) REFERENCES `user` (`id`) ON DELETE CASCADE ON UPDATE CASCADE
) ENGINE=InnoDB AUTO_INCREMENT=390 DEFAULT CHARSET=utf8;
/*!40101 SET character_set_client = @saved_cs_client */;

--
-- Dumping data for table `dining`
--

LOCK TABLES `dining` WRITE;
/*!40000 ALTER TABLE `dining` DISABLE KEYS */;
INSERT INTO `dining` VALUES (1,'Kaurapuuro',200,'2016-03-04 09:20:23',NULL,10),(3,'Aamupala',272,'2016-03-06 09:00:00','',10),(5,'Lounas',274,'2016-03-06 13:30:00','',10),(6,'Lissun kevyt aamupala',963,'2016-03-06 15:49:00','',11),(7,'Illallinen',340,'2016-03-06 18:17:00','',10),(8,'Iltapala',465,'2016-03-06 21:00:00','',10),(9,'Iltapala',450,'2016-03-06 23:10:00','',10),(10,'Iltapala',597,'2016-03-06 23:40:00','',10),(11,'Aamupala',257,'2016-03-07 09:00:00','',10),(12,'Lounas',413,'2016-03-07 15:15:00','',10),(13,'Aamupala',255,'2016-03-08 11:00:00','',10),(14,'Lounas',347,'2016-03-08 15:15:00','',10),(15,'Illallinen',333,'2016-03-08 21:00:00','',10),(16,'Illallinen',333,'2016-03-08 23:30:00','',10),(17,'Kääk mysli',995,'2016-03-08 23:50:00','',10),(18,'Aamupala',230,'2016-03-09 10:30:00','',10),(19,'Lounas',232,'2016-03-09 15:36:00','',10),(20,'Illallinen',256,'2016-03-09 19:40:00','',10),(21,'Testi 1',162,'2016-03-09 21:30:00','',10),(22,'Aamupala',299,'2016-03-18 08:56:00','',10),(23,'Aamupala',330,'2016-03-19 11:00:00','',10),(24,'Lounas',235,'2016-03-19 15:03:00','',10),(27,'Yks leipä',108,'2016-03-19 20:30:00','',10),(28,'Aamupala',262,'2016-03-20 09:00:00','',10),(29,'Lounas',286,'2016-03-20 15:30:00','',10),(30,'Illallinen',276,'2016-03-19 15:36:00','',10),(31,'Illallinen',505,'2016-03-19 22:30:00','',10),(32,'Iltapala',287,'2016-03-19 23:00:00','',10),(33,'Illallinen',252,'2016-03-19 22:45:00','',10),(34,'Illallinen',352,'2016-03-20 19:30:00','',10),(35,'Illallinen',338,'2016-03-20 22:30:00','',10),(36,'Kananmuna',82,'2016-03-20 23:13:00','',10),(39,'Aamupala',253,'2016-03-21 09:07:00','',10),(40,'Illallinen',561,'2016-03-20 23:50:00','',10),(41,'Lounas',344,'2016-03-21 13:50:00','',10),(42,'Illallinen',378,'2016-03-21 19:00:00','',10),(43,'Iltapala',424,'2016-03-21 22:50:00','',10),(44,'Aamupala',227,'2016-03-22 07:36:00','',10),(51,'Välipala',229,'2016-03-22 11:00:00','',10),(52,'Välipala',350,'2016-03-22 15:55:00','',10),(53,'Illallinen',352,'2016-03-22 20:00:00','',10),(54,'Puol-kääk iltapala',944,'2016-03-22 23:59:00','',10),(55,'Aamupala',290,'2016-03-23 09:45:00','',10),(56,'Lounas',294,'2016-03-23 14:03:00','',10),(57,'Illallinen',354,'2016-03-23 20:00:00','',10),(58,'Iltapala',548,'2016-03-23 23:38:00','',10),(59,'Aamupala',254,'2016-03-24 07:45:00','',10),(60,'Välipala',197,'2016-03-24 11:09:00','',10),(61,'Arvio riisipiirakka + italianpata',492,'2016-03-24 15:00:00','',10),(62,'Iltavälipala',222,'2016-03-24 20:00:00','',10),(63,'Välipala',290,'2016-03-25 15:35:00','',10),(64,'Aamupala',210,'2016-03-25 09:45:00','',10),(65,'Aamupala',242,'2016-03-26 07:26:00','',10),(66,'Lounas',279,'2016-03-26 13:01:00','',10),(67,'Päivällinen',398,'2016-03-26 19:32:00','',10),(68,'Aamupala',249,'2016-03-27 11:00:00','',10),(69,'Lounas',280,'2016-03-27 15:00:00','',10),(70,'Illallinen',404,'2016-03-27 20:57:00','',10),(71,'Iltapala',452,'2016-03-27 23:59:00','',10),(72,'Aamupala',255,'2016-03-28 09:29:00','',10),(75,'Välipala',233,'2016-03-28 13:37:00','',10),(76,'Illallinen',346,'2016-03-28 20:00:00','',10),(77,'Illallinen',501,'2016-03-28 23:20:00','',10),(78,'Illallinen',444,'2016-03-28 23:59:00','',10),(79,'Aamupala',285,'2016-03-29 10:53:00','',10),(80,'Lounas',313,'2016-03-29 16:39:00','',10),(81,'Illallinen',397,'2016-03-29 23:00:00','',10),(82,'Aamupala',279,'2016-03-30 07:38:00','',10),(83,'Lounas',336,'2016-03-30 11:44:00','',10),(84,'Illallinen',364,'2016-03-30 18:28:00','',10),(85,'Illallinen',397,'2016-03-30 23:05:00','',10),(86,'Kauramaito',299,'2016-03-30 23:34:00','',10),(87,'Aamupala',282,'2016-03-31 08:25:00','',10),(88,'Välipala',228,'2016-03-31 13:00:00','',10),(89,'Arvio salaatti ja kanakeitto',346,'2016-03-31 15:00:00','',10),(90,'Illallinen',279,'2016-03-31 20:00:00','',10),(91,'Illallinen 2',370,'2016-03-31 23:30:00','',10),(92,'Kääk-mysli',1141,'2016-03-31 23:59:00','',10),(93,'Lounas',233,'2016-04-01 13:33:00','',10),(94,'Aamupala',232,'2016-04-01 08:30:00','',10),(95,'Illallinen',295,'2016-04-01 18:36:00','',10),(96,'Aamupala',321,'2016-04-05 11:00:00','',10),(97,'Välipala',281,'2016-04-05 15:31:00','',10),(98,'Illallinen',314,'2016-04-05 19:00:00','',10),(99,'Iltapala',562,'2016-04-05 22:50:00','',10),(100,'Mättö-kääk',1038,'2016-04-05 23:40:00','',10),(101,'Aamupala',236,'2016-04-06 08:20:00','',10),(102,'Välipala',224,'2016-04-06 11:50:00','',10),(103,'Aamupala',272,'2016-04-07 11:47:00','',10),(104,'Välipala',148,'2016-04-07 14:45:00','',10),(105,'Illallinen',345,'2016-04-07 17:55:00','',10),(107,'Kauramaito kääk',974,'2016-04-07 23:59:00','',10),(108,'Illallinen 2',334,'2016-04-07 23:00:00','',10),(109,'Lounas',362,'2016-04-08 15:06:00','',10),(110,'Aamupala',279,'2016-04-08 09:00:00','',10),(111,'Aamupala',269,'2016-04-09 07:50:00','',10),(117,'Parsakaali',90,'2016-04-08 19:20:00','',10),(118,'Lihamureke ja riisi',333,'2016-04-08 20:00:00','',10),(119,'Lihamureke ja riisi',333,'2016-04-08 23:00:00','',10),(120,'Lihamureke',114,'2016-04-08 23:30:00','',10),(121,'Lounas',269,'2016-04-09 14:53:00','',10),(122,'Illallinen',303,'2016-04-09 19:50:00','',10),(123,'Rahkapiirakka arvio',250,'2016-04-09 17:00:00','',10),(124,'Iltapala',375,'2016-04-09 23:00:00','',10),(125,'Kauramaito x 2',590,'2016-04-09 23:40:00','',10),(126,'Aamupala',279,'2016-04-10 07:46:00','',10),(127,'Soijaprotsku-kaura ja kaali',237,'2016-04-10 11:34:00','',10),(128,'Päivällinen',388,'2016-04-10 17:30:00','',10),(129,'Päivällinen',388,'2016-04-10 21:40:00','',10),(130,'Päivällinen',388,'2016-04-10 23:20:00','',10),(131,'MaitoKauraPellavarouhe',361,'2016-04-10 23:40:00','',10),(132,'Lounas',265,'2016-04-11 13:43:00','',10),(133,'Aamupala',287,'2016-04-11 07:30:00','',10),(134,'Välipala',225,'2016-04-11 16:30:00','',10),(135,'Illallinen',340,'2016-04-11 20:00:00','',10),(136,'Iltapala',576,'2016-04-11 23:30:00','',10),(137,'Aamupala',297,'2016-04-12 09:15:00','',10),(138,'Lounas',310,'2016-04-12 13:12:00','',10),(139,'Illallinen',314,'2016-04-12 17:45:00','',10),(140,'Iltapala',404,'2016-04-12 21:41:00','',10),(141,'Iltapala',304,'2016-04-12 22:47:00','',10),(142,'Aamupala',270,'2016-04-13 07:16:00','',10),(143,'Kanatortilla - Hesburger',550,'2016-04-13 11:00:00','',10),(144,'Päivällinen',400,'2016-04-13 16:04:00','',10),(145,'Illallinen',413,'2016-04-13 20:00:00','',10),(146,'Iltapala',1105,'2016-04-13 23:00:00','',10),(147,'Aamupala',270,'2016-04-14 07:39:00','',10),(148,'Välipala',249,'2016-04-14 11:56:00','',10),(149,'Päivällinen',301,'2016-04-14 16:00:00','',10),(150,'Illallinen',406,'2016-04-14 20:45:00','',10),(151,'Illallinen',406,'2016-04-14 23:00:00','',10),(152,'Kääk kääk kääk taas',680,'2016-04-14 23:10:00','',10),(153,'Aamupala',266,'2016-04-15 09:00:00','',10),(154,'Välipala',234,'2016-04-15 12:49:00','',10),(155,'Päivällinen',318,'2016-04-15 16:00:00','',10),(156,'Tikka masala',549,'2016-04-15 19:20:00','',10),(158,'Tikka masala',472,'2016-04-15 23:00:00','',10),(159,'3 x kääk',1092,'2016-04-15 23:20:00','',10),(160,'Aamupala',247,'2016-04-16 08:41:00','',10),(161,'Aamupala',272,'2016-04-17 11:50:00','',10),(162,'Välipala',186,'2016-04-17 15:40:00','',10),(163,'Illallinen',389,'2016-04-17 18:00:00','',10),(164,'Iltapala',434,'2016-04-17 22:00:00','',10),(165,'3 x kääk',1116,'2016-04-17 23:00:00','',10),(166,'Aamupala',270,'2016-04-18 08:17:00','',10),(167,'Lounas',341,'2016-04-18 12:50:00','',10),(168,'Päivällinen',314,'2016-04-18 16:04:00','',10),(169,'Illallinen',369,'2016-04-18 19:43:00','',10),(170,'Illallinen',395,'2016-04-18 22:00:00','',10),(171,'Kääk kääk taas',786,'2016-04-18 23:00:00','',10),(172,'Aamupala',270,'2016-04-19 08:40:00','',10),(173,'Välipala',242,'2016-04-19 12:54:00','',10),(174,'Kinkkusalaatti arvio',406,'2016-04-19 18:00:00','',10),(175,'Illallinen',309,'2016-04-19 22:00:00','',10),(176,'2 k',704,'2016-04-19 23:00:00','',10),(177,'Aamupala',254,'2016-04-20 07:30:00','',10),(178,'Välipala',281,'2016-04-20 12:00:00','',10),(179,'Päivällinen',362,'2016-04-20 14:45:00','',10),(181,'Illallinen',362,'2016-04-20 20:00:00','',10),(182,'Iltapala',492,'2016-04-20 22:55:00','',10),(183,'Aamupala',271,'2016-04-21 09:30:00','',10),(184,'Välipala',224,'2016-04-21 12:41:00','',10),(185,'Päivällinen',343,'2016-04-21 15:50:00','',10),(186,'Aamupala',308,'2016-05-05 10:12:00','',10),(187,'Ennen Paulalle menoa',353,'2016-05-05 14:45:00','',10),(188,'Arvio riisipiirakka + keitto',475,'2016-05-05 18:53:00','',10),(189,'Aamupala',264,'2016-05-06 06:33:00','',10),(190,'Illallinen',490,'2016-05-05 22:00:00','',10),(191,'3 Leipää',413,'2016-05-05 22:30:00','',10),(192,'Aamupala',326,'2016-05-07 07:55:00','',10),(193,'Aamupala',264,'2016-05-08 06:30:00','',10),(194,'Testi 1',83,'2016-05-08 07:41:00','',10),(195,'Aamupala',258,'2016-05-09 08:00:00','',10),(196,'Välipala',153,'2016-05-09 11:52:00','',10),(197,'Lounas',356,'2016-05-09 14:30:00','',10),(198,'Lounas',284,'2016-05-10 13:00:00','',10),(199,'Aamupala',257,'2016-05-10 08:00:00','',10),(200,'Aamupala',244,'2016-05-11 08:00:00','',10),(201,'Kaali + 30g kaurahiutale',136,'2016-05-11 12:40:00','',10),(202,'Illallinen',410,'2016-05-11 17:37:00','',10),(203,'Iltapala',432,'2016-05-11 21:06:00','',10),(204,'Iltapala',379,'2016-05-11 23:55:00','',10),(205,'Aamupala',240,'2016-05-12 09:00:00','',10),(211,'Lounas',352,'2016-05-12 12:00:00','',10),(212,'Illallinen',352,'2016-05-12 20:34:00','',10),(213,'Lounas',402,'2016-05-12 21:45:00','',10),(214,'Iltapala 2',855,'2016-05-12 22:30:00','',10),(215,'Aamupala',259,'2016-05-13 08:30:00','',10),(216,'Lounas',351,'2016-05-13 12:56:00','',10),(217,'Lounas',380,'2016-05-13 16:30:00','',10),(218,'Illallinen',417,'2016-05-13 10:05:00','',10),(219,'Kääk kääk taas',758,'2016-05-13 22:00:00','',10),(220,'Aamupala',268,'2016-05-14 09:00:00','',10),(221,'Lounas',429,'2016-05-14 11:33:00','',10),(222,'Aamupala',255,'2016-05-31 11:00:00','',10),(223,'Lounas',284,'2016-05-31 15:30:00','',10),(224,'Illallinen Kerala curry',511,'2016-05-31 18:30:00','',10),(225,'Illallinen Kerala curry',511,'2016-05-31 22:12:17','',10),(226,'Iltapala 2',449,'2016-05-31 22:30:00','',10),(227,'Kaura kääk',612,'2016-05-31 23:00:00','',10),(228,'Aamupala',249,'2016-06-01 08:37:00','',10),(229,'Aamupala',292,'2016-06-02 07:53:00','',10),(230,'Aamupala',290,'2016-06-04 13:00:00','',10),(231,'Lounas',387,'2016-06-04 17:03:00','',10),(232,'Aamupala',276,'2016-06-05 11:16:00','',10),(233,'Illallinen',243,'2016-06-05 18:58:00','',10),(235,'Aamupala',271,'2016-06-06 07:30:00','',10),(236,'Aamupala',277,'2016-06-07 09:30:00','',10),(237,'Aamupala',222,'2016-06-16 10:30:00','',10),(238,'Aamupala',329,'2016-06-23 05:18:00','',10),(239,'Lounas',232,'2016-06-23 11:55:00','',10),(240,'Välipala',221,'2016-06-23 15:00:00','',10),(241,'Illallinen',395,'2016-06-23 18:00:00','',10),(242,'Iltapala',498,'2016-06-23 21:30:00','',10),(243,'Aamupala',306,'2016-06-24 07:36:00','',10),(244,'Lounas',331,'2016-06-24 11:30:00','',10),(245,'Välipala',314,'2016-06-24 15:07:00','',10),(246,'Lounas',414,'2016-06-25 13:19:00','',10),(247,'Aamupala',275,'2016-06-25 06:30:00','',10),(248,'Loppupäivän arvio juhannusaatto Perkkaa ja hima',699,'2016-06-24 21:30:00','',10),(249,'Illallinen',393,'2016-06-24 18:00:00','',10),(250,'Aamupala',263,'2016-06-26 06:00:00','',10),(251,'Välipala',279,'2016-06-26 10:00:00','',10),(252,'Välipala',269,'2016-06-26 13:30:00','',10),(253,'Illallinen',386,'2016-06-26 17:54:00','',10),(254,'Arvio',2210,'2016-06-25 17:55:00','',10),(255,'Illallinen 2',290,'2016-06-26 21:25:00','',10),(257,'Aamupala',258,'2016-06-27 11:30:00','',10),(258,'Välipala',237,'2016-06-27 15:01:00','',10),(260,'Aamupala',321,'2016-06-28 06:30:00','',10),(261,'Lounas',308,'2016-06-28 12:14:00','',10),(262,'Illallinen',398,'2016-06-27 18:00:00','',10),(263,'Illallinen 2',586,'2016-06-27 22:00:00','',10),(265,'Välipala',321,'2016-06-28 17:00:00','',10),(266,'Illallinen',367,'2016-06-28 20:58:00','',10),(267,'Aamupala',261,'2016-06-29 10:53:00','',10),(268,'Illallinen 2',452,'2016-06-28 23:00:00','',10),(269,'Aamupala',380,'2016-06-30 09:00:00','',10),(270,'Illallinen',381,'2016-06-29 18:00:00','',10),(271,'Illallinen 2',483,'2016-06-29 23:00:00','',10),(272,'Lounas',224,'2016-06-29 14:30:00','',10),(273,'Välipala',253,'2016-06-30 13:34:00','',10),(274,'Välipala',305,'2016-06-30 16:19:00','',10),(275,'Illallinen',527,'2016-06-30 21:47:00','',10),(276,'Aamupala',336,'2016-07-01 11:13:00','',10),(277,'Illallinen',420,'2016-07-01 17:59:00','',10),(278,'Välipala',160,'2016-07-01 15:30:00','',10),(279,'Illallinen 2',446,'2016-07-01 23:44:00','',10),(280,'Aamupala',332,'2016-07-02 07:23:00','',10),(281,'Välipala',177,'2016-07-02 12:11:00','',10),(282,'Välipala',326,'2016-07-02 15:29:00','',10),(283,'Illallinen',438,'2016-07-02 19:00:00','',10),(284,'Illallinen',438,'2016-07-02 21:09:23','',10),(285,'Aamupala',312,'2016-07-22 07:00:00','',10),(286,'Aamupala',316,'2016-07-24 07:07:00','',10),(287,'Lounas',298,'2016-07-24 10:17:00','',10),(290,'Välipala',214,'2016-07-24 14:11:00','',10),(291,'Varhaiskaali',66,'2016-07-24 16:45:00','',10),(292,'Illallinen',411,'2016-07-24 18:15:00','',10),(293,'Aamupala',279,'2016-07-26 09:00:00','',10),(295,'Aamupala',265,'2016-07-27 09:00:00','',10),(296,'Lounas',327,'2016-07-27 15:16:00','',10),(297,'Aamupala',282,'2016-07-28 11:30:00','',10),(298,'Välipala',235,'2016-07-28 14:43:00','',10),(299,'Illallinen',376,'2016-07-28 19:37:00','',10),(301,'Iltapala',1091,'2016-07-28 23:00:00','',10),(303,'Lounas',280,'2016-07-29 12:07:00','',10),(304,'Välipala',182,'2016-07-29 15:00:00','',10),(305,'Illallinen',324,'2016-07-29 18:52:00','',10),(307,'Illallinen',406,'2016-07-29 21:17:00','',10),(308,'Aamupala',299,'2016-07-30 07:18:00','',10),(309,'Aamupala',271,'2016-07-29 07:18:00','',10),(310,'Lounas',349,'2016-07-30 13:18:00','',10),(311,'Välipala',207,'2016-07-30 15:52:00','',10),(312,'Illallinen',340,'2016-07-30 18:33:00','',10),(313,'Iltapala',863,'2016-07-30 22:30:00','',10),(314,'Aamupala',285,'2016-07-31 08:42:00','',10),(315,'Aamupala',265,'2016-08-01 12:16:00','',10),(316,'Lounas',314,'2016-08-01 12:19:00','',10),(317,'Aamupala',266,'2016-08-02 10:45:00','',10),(318,'Välipala',180,'2016-08-02 14:28:00','',10),(320,'Välipala',178,'2016-08-02 18:15:00','',10),(321,'Iltapala',458,'2016-08-02 22:44:00','',10),(322,'Iltapala',222,'2016-08-02 22:45:00','',10),(323,'Lounas',375,'2016-08-03 13:00:00','',10),(324,'Aamupala',249,'2016-08-03 09:00:00','',10),(325,'Illallinen',277,'2016-08-03 18:34:00','',10),(326,'Iltapala',395,'2016-08-03 22:09:00','',10),(327,'Iltapala 2',265,'2016-08-03 22:50:00','',10),(328,'Aamupala',272,'2016-08-04 09:37:00','',10),(329,'Välipala',238,'2016-08-04 13:54:00','',10),(331,'Välipala',218,'2016-08-04 16:25:00','',10),(332,'Aamupala',270,'2016-08-07 11:00:00','',10),(333,'Aamupala',302,'2016-08-09 07:30:00','',10),(334,'Aamupala',310,'2016-08-10 07:45:00','',10),(335,'Välipala',232,'2016-08-10 12:45:00','',10),(336,'Aamupala',240,'2016-08-11 12:00:00','',10),(337,'Aamupala',247,'2016-09-02 11:00:00','',10),(338,'Välipala',330,'2016-09-02 16:10:00','',10),(339,'Illallinen',366,'2016-09-02 19:26:00','',10),(340,'Kanapakkomielle',72,'2016-09-02 20:15:00','',10),(341,'Iltapala',433,'2016-09-02 22:00:00','',10),(342,'Aamupala',289,'2016-09-03 07:00:00','',10),(343,'Aamupala',273,'2018-06-17 10:00:00','',10),(344,'Välipala',188,'2018-06-17 15:00:00','',10),(345,'Aamupala',248,'2018-07-15 12:35:00','',10),(346,'Illallinen',280,'2018-07-15 18:20:00','',10),(347,'Iltapala',381,'2018-07-15 22:20:00','',10),(348,'Aamupala',299,'2018-07-16 12:17:00','',10),(349,'Välipala',240,'2018-07-16 16:42:00','',10),(350,'3 Uunileipää',419,'2018-07-16 22:35:00','',10),(351,'Iltapala 2',226,'2018-07-16 23:59:00','',10),(352,'Aamupala',261,'2018-07-17 12:09:00','',10),(353,'Aamupala',313,'2018-07-25 12:00:00','',10),(354,'Välipala',222,'2018-07-25 17:10:00','',10),(355,'Aamupala',268,'2018-07-26 10:00:00','',10),(356,'Välipala',263,'2018-07-26 14:45:00','',10),(357,'Aamupala',249,'2018-07-31 12:00:00','',10),(358,'Välipala',144,'2018-07-31 16:15:00','',10),(359,'Illallinen',259,'2018-07-31 18:15:00','',10),(360,'Illallinen',321,'2018-07-31 21:37:00','',10),(361,'Aamupala',272,'2018-08-03 11:00:00','',10),(362,'Välipala',212,'2018-08-03 14:45:00','',10),(363,'Illallinen',284,'2018-08-03 19:37:00','',10),(364,'Aamupala',310,'2018-09-16 08:54:00','',10),(365,'Aamupala',325,'2018-09-17 10:13:00','',10),(366,'Välipala',278,'2018-09-17 14:30:00','',10),(367,'Aamupala',312,'2018-09-20 10:03:00','',10),(368,'Aamupala',273,'2018-10-01 10:00:00','',10),(369,'Lounas',213,'2018-10-01 14:00:00','',10),(370,'Välipala',230,'2018-10-01 17:11:00','',10),(371,'RiisiJuustoFeta',217,'2018-10-01 19:50:00','',10),(372,'Iltapala',243,'2018-10-01 23:41:00','',10),(373,'Aamupala',320,'2018-10-02 09:22:00','',10),(374,'Välipala',244,'2018-10-02 15:06:00','',10),(375,'Välipala',257,'2018-10-02 18:00:00','',10),(376,'Aamupala',280,'2018-10-06 10:30:00','',10),(377,'Välipala',222,'2018-10-06 14:50:00','',10),(378,'Välipala',225,'2018-10-06 18:00:00','',10),(379,'RiisiTomaattiKananmuna',184,'2018-10-06 21:45:00','',10),(380,'RiisiTomaattiKananmuna',184,'2018-10-06 23:59:00','',10),(381,'Välipala ja unta',264,'2018-10-07 06:34:00','',10),(382,'Aamupala',239,'2018-10-07 11:09:00','',10),(383,'Välipala',203,'2018-10-07 15:50:00','',10),(384,'Illallinen',283,'2018-10-07 19:30:00','',10),(385,'Illallinen',270,'2018-10-07 22:30:00','',10),(386,'Aamupala heräsin 03:30',236,'2018-10-08 05:00:00','',10),(387,'Aamupala',251,'2018-10-08 08:47:00','',10),(388,'RiisiKanaPaprika',267,'2018-10-08 13:00:00','',10),(389,'Välipala',193,'2018-10-08 16:30:00','',10);
/*!40000 ALTER TABLE `dining` ENABLE KEYS */;
UNLOCK TABLES;

--
-- Table structure for table `dining_food`
--

DROP TABLE IF EXISTS `dining_food`;
/*!40101 SET @saved_cs_client     = @@character_set_client */;
/*!40101 SET character_set_client = utf8 */;
CREATE TABLE `dining_food` (
  `diningId` int(10) unsigned NOT NULL,
  `foodId` int(10) unsigned NOT NULL,
  `foodGrams` float unsigned NOT NULL,
  `currentUnitPrice` float unsigned NOT NULL,
  PRIMARY KEY (`diningId`,`foodId`)
) ENGINE=InnoDB DEFAULT CHARSET=utf8;
/*!40101 SET character_set_client = @saved_cs_client */;

--
-- Dumping data for table `dining_food`
--

LOCK TABLES `dining_food` WRITE;
/*!40000 ALTER TABLE `dining_food` DISABLE KEYS */;
INSERT INTO `dining_food` VALUES (1,1,60,1.53),(3,1,30,1.53),(3,3,60,2.3),(3,4,20,22.45),(3,5,82,0.8),(3,8,160,1.2),(5,6,54.1126,0),(5,7,45.8874,0),(5,9,2,15.6),(5,10,35,0),(6,3,200,2.3),(6,6,70.3463,0),(6,7,59.6537,0),(6,10,200,0),(6,13,10,2.9),(7,3,57,2.3),(7,6,54.1126,0),(7,7,45.8874,0),(7,8,140,1.2),(7,9,2,15.6),(7,17,12,8),(8,6,52.4892,0),(8,7,44.5108,0),(8,13,1,2.9),(8,14,90,2),(8,17,12,8),(8,19,61,10.35),(8,20,40,4.95),(9,6,52.4892,0),(9,7,44.5108,0),(9,13,1,2.9),(9,15,20,1.4),(9,17,12,8),(9,19,61,10.35),(9,20,40,4.95),(10,1,120,1.53),(10,5,350,0.8),(11,1,30,1.53),(11,3,53,2.3),(11,4,20,22.45),(11,5,83,0.8),(11,8,140,1.2),(12,6,59.5238,0),(12,7,50.4762,0),(12,14,90,2),(12,19,40,10.35),(12,20,34,4.95),(13,1,30,1.53),(13,4,19,22.45),(13,5,230,0.8),(13,8,140,1.2),(14,6,56.2173,0),(14,7,58.7827,0),(14,11,28.8351,2.5),(14,12,11.9954,4),(14,13,1.49942,2.9),(14,15,57.6701,1.4),(14,19,62,10.35),(15,6,44.485,2.5),(15,7,46.515,0),(15,11,40.3691,2.5),(15,12,16.7935,4),(15,13,2.09919,2.9),(15,15,80.7382,1.4),(15,19,67,10.35),(16,6,44.485,2.5),(16,7,46.515,0),(16,11,40.3691,2.5),(16,12,16.7935,4),(16,13,2.09919,2.9),(16,15,80.7382,1.4),(16,19,67,10.35),(17,5,500,0.8),(17,21,200,4.33),(18,1,32,1.53),(18,4,21,22.45),(18,5,162,0.8),(18,8,140,1.2),(19,6,32.7527,2.5),(19,7,34.2473,0),(19,9,1.5,15.6),(19,11,34.0254,2.5),(19,12,14.1546,4),(19,13,1.76932,2.9),(19,15,68.0508,1.4),(19,19,30,10.35),(20,6,35.1969,2.5),(20,7,36.8031,0),(20,9,1.4,15.6),(20,11,34.6021,2.5),(20,12,14.3945,4),(20,13,1.79931,2.9),(20,15,69.2042,1.4),(20,19,39,10.35),(21,6,45,2.5),(22,1,37,1.53),(22,3,59,2.3),(22,4,20,22.45),(22,5,83,0.8),(22,8,170,1.2),(23,3,62,2.3),(23,4,19,22.45),(23,5,82,0.8),(23,6,43.9961,2.5),(23,7,46.0039,0),(23,8,180,1.2),(24,13,2,2.9),(24,14,85,2),(24,20,15,4.95),(24,23,58,3.3),(25,6,100,2.5),(26,1,20,1.53),(27,13,2,2.9),(27,17,10,8),(27,23,31,3.3),(28,1,30,1.53),(28,3,59,2.3),(28,4,19,22.45),(28,5,83,0.8),(28,8,130,1.2),(29,6,48.2,2.5),(29,7,51.8,0),(29,9,2,15.6),(29,14,42,2),(29,17,12,8),(29,24,50,13.21),(30,6,48.2297,2.5),(30,7,51.7703,0),(30,13,2,2.9),(30,15,100,1.4),(30,19,33,10.35),(31,6,60.2871,2.5),(31,7,64.7129,0),(31,14,80,2),(31,15,20,1.4),(31,20,41,4.95),(31,25,38,14.64),(32,1,60,1.53),(32,5,150,0.8),(33,6,48.2297,2.5),(33,7,51.7703,0),(33,13,2,2.9),(33,15,20,1.4),(33,19,33,10.35),(34,6,45.3359,2.5),(34,7,48.6641,0),(34,9,1.99033,15.6),(34,11,59.7099,2.5),(34,15,69.2997,1.4),(34,26,73,11.5),(35,6,49.6766,2.5),(35,7,53.3234,0),(35,9,4.51934,15.6),(35,11,45.5801,2.5),(35,15,52.9006,1.4),(35,26,50,11.5),(36,3,61,2.3),(37,6,54.4995,2.5),(37,7,58.5005,0),(37,14,80,2),(37,20,42,4.95),(37,24,97,13.21),(38,2,20,7.97),(39,1,30,1.53),(39,3,57,2.3),(39,4,19,22.45),(39,5,82,0.8),(39,8,108,1.2),(40,6,54.4995,2.5),(40,7,58.5005,0),(40,14,80,2),(40,15,20,1.4),(40,20,42,4.95),(40,24,100,13.21),(40,25,17,14.64),(41,6,47.7474,2.5),(41,7,51.2526,0),(41,9,4.70166,15.6),(41,11,51.0497,2.5),(41,15,59.2486,1.4),(41,26,54,11.5),(42,6,49.1943,2.5),(42,7,52.8057,0),(42,9,4.86878,15.6),(42,11,56.0635,2.5),(42,15,65.0677,1.4),(42,26,67,11.5),(43,3,60,2.3),(43,6,45.3359,2.5),(43,7,48.6641,0),(43,9,3,15.6),(43,14,110,2),(43,15,20,1.4),(43,20,38,4.95),(44,1,30,1.53),(44,4,19,22.45),(44,5,79,0.8),(44,8,130,1.2),(44,27,12,28.33),(45,2,10,7.97),(46,6,54.1126,2.5),(46,7,45.8874,0),(47,6,60.0649,2.5),(47,7,50.9351,0),(48,1,10,1.53),(49,1,111,1.53),(50,1,11,1.53),(51,1,32,1.53),(51,8,102,1.2),(51,13,2,2.9),(51,15,70,1.4),(51,27,12,28.33),(52,3,60,2.3),(52,6,55.4641,2.5),(52,7,59.5359,0),(52,9,3.8232,15.6),(52,11,54.6961,2.5),(52,15,63.4807,1.4),(53,6,43.4067,2.5),(53,7,46.5933,0),(53,9,3.88398,15.6),(53,11,56.5193,2.5),(53,15,65.5967,1.4),(53,19,75,10.35),(54,6,110.928,2.5),(54,7,119.072,0),(54,19,130,10.35),(54,20,100,4.95),(55,1,36,1.53),(55,3,59,2.3),(55,4,19,22.45),(55,5,82,0.8),(55,8,149,1.2),(56,6,41.9598,2.5),(56,7,45.0402,0),(56,9,2.13465,15.6),(56,11,53.4729,2.5),(56,12,22.0936,4),(56,15,52.2989,1.4),(56,19,51,10.35),(57,3,61,2.3),(57,6,43.4067,2.5),(57,7,46.5933,0),(57,9,4.05255,15.6),(57,11,51.4163,2.5),(57,12,21.2438,4),(57,15,50.2874,1.4),(57,19,26,10.35),(58,6,55.5,2.5),(58,7,59.5,0),(58,9,2.1,15.6),(58,10,89,9),(58,11,53.1,2.5),(58,12,21.9,4),(58,15,51.9,1.4),(58,20,40,4.95),(59,1,37,1.53),(59,4,20,22.45),(59,5,82,0.8),(59,8,130,1.2),(59,27,12,28.33),(60,1,32,1.53),(60,9,1,15.6),(60,14,90,2),(60,27,14,28.33),(61,6,70,2.5),(61,13,22,2.9),(61,27,12,28.33),(62,6,25.0794,2.5),(62,7,26.9206,0),(62,9,1.46141,15.6),(62,10,52,9),(62,11,36.6084,2.5),(62,12,15.1256,4),(62,15,35.8046,1.4),(63,6,38.1014,2.5),(63,7,40.8986,0),(63,9,3.49425,15.6),(63,10,54,9),(63,11,37.431,2.5),(63,12,15.4655,4),(63,15,36.6092,1.4),(64,1,28,1.53),(64,4,20,22.45),(64,5,84,0.8),(64,8,130,1.2),(64,27,9,28.33),(65,1,36,1.53),(65,4,19,22.45),(65,5,81,0.8),(65,8,130,1.2),(65,27,10,28.33),(66,6,39.5943,2.5),(66,7,42.4057,0),(66,9,1.21511,15.6),(66,11,30.4384,2.5),(66,12,12.5764,4),(66,15,29.7701,1.4),(66,19,62,10.35),(67,6,41.5,2.5),(67,7,44.5,0),(67,9,0.8,15.6),(67,11,20.6,2.5),(67,12,8.5,4),(67,13,7,2.9),(67,15,20.1,1.4),(67,19,100,10.35),(68,1,35,1.53),(68,4,19,22.45),(68,5,82,0.8),(68,8,150,1.2),(68,27,11,28.33),(69,6,38.6286,2.5),(69,7,41.3714,0),(69,8,150,1.2),(69,9,1.5,15.6),(69,19,53,10.35),(70,6,48.2857,2.5),(70,7,51.7143,0),(70,14,83,2),(70,19,40,10.35),(70,20,44,4.95),(71,6,50.7,2.5),(71,7,54.3,0),(71,14,80,2),(71,15,18,1.4),(71,19,55,10.35),(71,20,47,4.95),(72,1,36,1.53),(72,4,20,22.45),(72,5,82,0.8),(72,8,142,1.2),(72,27,12,28.33),(73,1,36,1.53),(73,4,20,22.45),(73,5,82,0.8),(73,8,142,1.2),(73,27,12,28.33),(74,9,12,15.6),(75,1,36,1.53),(75,8,202,1.2),(75,27,12,28.33),(76,6,47.32,2.5),(76,7,50.68,0),(76,9,1.99609,15.6),(76,11,53.8943,2.5),(76,12,30.3405,4),(76,15,49.7691,1.4),(76,19,71,10.35),(77,6,47.32,2.5),(77,7,50.68,0),(77,9,1.99609,15.6),(77,11,53.8943,2.5),(77,12,30.3405,4),(77,15,49.7691,1.4),(77,19,71,10.35),(77,20,47,4.95),(78,6,42,2.5),(78,7,50.7,0),(78,9,2,15.6),(78,11,53.9,2.5),(78,12,30.3,4),(78,15,49.8,1.4),(78,19,62,10.35),(78,20,40,4.95),(79,1,31,1.53),(79,3,65,2.3),(79,4,20,22.45),(79,5,82,0.8),(79,8,167,1.2),(80,6,43.94,2.5),(80,7,47.06,0),(80,9,1.90802,15.6),(80,11,51.5166,2.5),(80,12,29.002,4),(80,15,47.5734,1.4),(80,19,60,10.35),(81,6,32.3514,2.5),(81,7,34.6486,0),(81,9,1.90802,15.6),(81,11,51.5166,2.5),(81,12,29.002,4),(81,15,47.5734,1.4),(81,19,72,10.35),(81,20,32,4.95),(82,1,32,1.53),(82,3,64,2.3),(82,4,20,22.45),(82,5,82,0.8),(82,8,140,1.2),(83,6,44.9057,2.5),(83,7,48.0943,0),(83,9,2.71722,15.6),(83,11,46.365,2.5),(83,12,26.1018,4),(83,15,42.816,1.4),(83,19,70,10.35),(84,6,48.2857,2.5),(84,7,51.7143,0),(84,14,100,2),(84,15,17,1.4),(84,19,32,10.35),(84,20,33,4.95),(85,6,48.3,2.5),(85,7,51.7,0),(85,14,80,2),(85,15,17,1.4),(85,19,55,10.35),(85,20,33,4.95),(86,1,60,1.53),(86,5,177,0.8),(87,1,30,1.53),(87,3,64,2.3),(87,4,19,22.45),(87,5,82,0.8),(87,8,174,1.2),(88,1,40,1.53),(88,9,2,15.6),(88,14,90,2),(88,27,12,28.33),(89,6,40,2.5),(89,13,16,2.9),(89,27,16,28.33),(90,6,42.0086,2.5),(90,7,44.9914,0),(90,9,1.52642,15.6),(90,11,41.2133,2.5),(90,12,23.2016,4),(90,15,38.0587,1.4),(90,19,51,10.35),(91,6,48.7686,2.5),(91,7,52.2314,0),(91,14,85,2),(91,15,20,1.4),(91,20,51,4.95),(92,5,600,0.8),(92,21,226,4.33),(93,6,39.1114,2.5),(93,7,41.8886,0),(93,9,3.03562,15.6),(93,11,36.0616,2.5),(93,12,20.3014,4),(93,15,33.3014,1.4),(93,27,10,28.33),(94,1,30,1.53),(94,4,19,22.45),(94,5,82,0.8),(94,8,168,1.2),(94,27,10,28.33),(95,3,60,2.3),(95,6,45.8714,2.5),(95,7,49.1286,0),(95,9,2,15.6),(95,14,85,2),(95,17,12,8),(96,4,19,22.45),(96,5,84,0.8),(96,9,3,15.6),(96,14,65,2),(96,17,12,8),(96,20,24,4.95),(96,23,59,3.3),(97,9,3,15.6),(97,14,59,2),(97,17,12,8),(97,20,24,4.95),(97,23,59,3.3),(98,6,46.3543,2.5),(98,7,49.6457,0),(98,8,130,1.2),(98,9,2,15.6),(98,19,57,10.35),(99,6,50.7,2.5),(99,7,54.3,0),(99,14,65,2),(99,15,20,1.4),(99,19,89,10.35),(99,20,64,4.95),(100,1,210,1.53),(100,5,600,0.8),(101,1,32,1.53),(101,4,19,22.45),(101,5,84,0.8),(101,8,156,1.2),(101,27,10,28.33),(102,1,40,1.53),(102,8,149,1.2),(102,27,10,28.33),(103,1,31,1.53),(103,3,61,2.3),(103,4,20,22.45),(103,5,82,0.8),(103,8,140,1.2),(104,1,41,1.53),(105,3,54,2.3),(105,6,48.7759,2.5),(105,7,51.2241,0),(105,9,2.8125,15.6),(105,11,117.188,2.5),(105,19,20,10.35),(106,6,48.7759,2.5),(106,7,51.2241,0),(106,14,89,2),(106,20,39,4.95),(107,1,200,1.53),(107,5,540,0.8),(108,6,48.7759,2.5),(108,7,51.2241,0),(108,14,85,2),(108,15,20,1.4),(108,20,40,4.95),(109,6,48.7759,2.5),(109,7,51.2241,0),(109,9,2.55469,15.6),(109,11,106.445,2.5),(109,15,21,1.4),(109,20,37,4.95),(110,1,31,1.53),(110,3,59,2.3),(110,4,19,22.45),(110,5,82,0.8),(110,8,174,1.2),(111,1,31,1.53),(111,3,53,2.3),(111,4,19,22.45),(111,5,82,0.8),(111,8,167,1.2),(112,9,5,15.6),(113,9,5,15.6),(114,6,10,2.5),(114,9,6,15.6),(115,6,1,2.5),(116,6,10,2.5),(116,9,10,15.6),(116,27,10,28.33),(117,9,3.9375,15.6),(117,11,164.062,2.5),(118,3,10.544,2.3),(118,5,17.3351,0.8),(118,6,45.3616,2.5),(118,7,47.6384,0),(118,13,2.32326,2.9),(118,14,60,2),(118,15,40.5677,1.4),(118,22,62.5493,9),(118,23,2.68068,3.3),(119,3,10.544,2.3),(119,5,17.3351,0.8),(119,6,45.3616,2.5),(119,7,47.6384,0),(119,13,2.32326,2.9),(119,14,60,2),(119,15,40.5677,1.4),(119,22,62.5493,9),(119,23,2.68068,3.3),(120,3,7.75296,2.3),(120,5,12.7464,0.8),(120,13,1.70828,2.9),(120,15,29.8292,1.4),(120,22,45.9921,9),(120,23,1.97109,3.3),(121,3,6.90013,2.3),(121,5,11.3443,0.8),(121,6,40.484,2.5),(121,7,42.516,0),(121,9,1,15.6),(121,13,1.52037,2.9),(121,14,65,2),(121,15,26.548,1.4),(121,22,40.933,9),(121,23,1.75427,3.3),(122,3,6.97766,2.3),(122,5,11.4717,0.8),(122,6,47.3126,2.5),(122,7,49.6874,0),(122,9,2,15.6),(122,13,1.53745,2.9),(122,14,57,2),(122,15,26.8463,1.4),(122,22,41.3929,9),(122,23,1.77398,3.3),(123,6,40,2.5),(123,13,12,2.9),(124,6,45.3616,2.5),(124,7,47.6384,0),(124,9,2,15.6),(124,20,59,4.95),(125,1,117,1.53),(125,5,360,0.8),(126,1,30,1.53),(126,3,59,2.3),(126,4,20,22.45),(126,5,82,0.8),(126,8,190,1.2),(127,1,44,1.53),(127,8,148,1.2),(127,27,10,28.33),(128,3,10.9549,2.3),(128,5,18.1963,0.8),(128,6,45.3616,2.5),(128,7,47.6384,0),(128,9,2.15714,15.6),(128,11,67.4107,2.5),(128,12,32.8964,4),(128,13,2.41379,2.9),(128,15,78.2439,1.4),(128,18,74.2706,7.5),(128,28,4.45623,2.2),(129,3,10.9549,2.3),(129,5,18.1963,0.8),(129,6,45.3616,2.5),(129,7,47.6384,0),(129,9,2.15714,15.6),(129,11,67.4107,2.5),(129,12,32.8964,4),(129,13,2.41379,2.9),(129,15,78.2439,1.4),(129,18,74.2706,7.5),(129,28,4.45623,2.2),(130,3,10.9549,2.3),(130,5,18.1963,0.8),(130,6,45.3616,2.5),(130,7,47.6384,0),(130,9,2.15714,15.6),(130,11,67.4107,2.5),(130,12,32.8964,4),(130,13,2.41379,2.9),(130,15,78.2439,1.4),(130,18,74.2706,7.5),(130,28,4.45623,2.2),(131,1,64,1.53),(131,2,8,7.97),(131,5,185,0.8),(132,3,8.60743,2.3),(132,5,14.2971,0.8),(132,9,1.64286,15.6),(132,11,51.3393,2.5),(132,12,25.0536,4),(132,13,1.89655,2.9),(132,15,60.3065,1.4),(132,18,58.3554,7.5),(132,23,35,3.3),(132,28,3.50133,2.2),(133,1,35,1.53),(133,2,8,7.97),(133,4,19,22.45),(133,5,80,0.8),(133,8,148,1.2),(133,27,10,28.33),(134,1,41,1.53),(134,8,140,1.2),(134,27,10,28.33),(135,3,11.7374,2.3),(135,5,19.496,0.8),(135,9,4.14286,15.6),(135,11,66.9643,2.5),(135,12,32.6786,4),(135,13,2.58621,2.9),(135,15,80.0445,1.4),(135,18,79.5756,7.5),(135,23,35,3.3),(135,28,4.77454,2.2),(136,1,60,1.53),(136,2,8,7.97),(136,3,3.91247,2.3),(136,5,191.499,0.8),(136,9,1.85714,15.6),(136,11,58.0357,2.5),(136,12,28.3214,4),(136,13,0.862069,2.9),(136,15,52.3958,1.4),(136,18,26.5252,7.5),(136,20,35,4.95),(136,28,1.59151,2.2),(137,1,35,1.53),(137,3,61,2.3),(137,4,19,22.45),(137,5,82,0.8),(137,8,180,1.2),(138,6,40.484,2.5),(138,7,42.516,0),(138,9,2.2,15.6),(138,10,64,9),(138,11,28.125,2.5),(138,12,13.725,4),(138,14,55,2),(138,15,20.25,1.4),(139,6,45.8493,2.5),(139,7,48.1507,0),(139,9,3.57143,15.6),(139,10,41,9),(139,11,64.7321,2.5),(139,12,31.5893,4),(139,15,46.6071,1.4),(140,6,42.435,2.5),(140,7,44.565,0),(140,10,30,9),(140,14,55,2),(140,15,10,1.4),(140,20,55,4.95),(141,1,53,1.53),(141,2,6,7.97),(141,5,170,0.8),(142,1,33,1.53),(142,3,57,2.3),(142,4,19,22.45),(142,5,82,0.8),(142,8,129,1.2),(143,13,34.0104,2.9),(143,27,26.7656,28.33),(143,29,36.2241,1),(144,6,45.3616,2.5),(144,7,47.6384,0),(144,9,2,15.6),(144,14,62,2),(144,19,125,10.35),(145,6,51.2147,2.5),(145,7,53.7853,0),(145,9,0.871429,15.6),(145,11,27.2321,2.5),(145,12,13.2893,4),(145,13,6,2.9),(145,15,19.6071,1.4),(145,19,90,10.35),(146,1,134,1.53),(146,2,15,7.97),(146,5,220,0.8),(146,6,47.3126,2.5),(146,7,49.6874,0),(146,14,62,2),(146,19,55,10.35),(146,20,49,4.95),(147,1,30,1.53),(147,3,62,2.3),(147,4,19,22.45),(147,5,82,0.8),(147,8,142,1.2),(148,1,40,1.53),(148,2,6,7.97),(148,8,121,1.2),(148,27,10,28.33),(149,6,38.533,2.5),(149,7,40.467,0),(149,9,2,15.6),(149,10,70,9),(149,14,92,2),(150,6,48.7759,2.5),(150,7,51.2241,0),(150,10,68,9),(150,14,62,2),(150,20,29,4.95),(151,6,48.7759,2.5),(151,7,51.2241,0),(151,10,68,9),(151,14,62,2),(151,20,29,4.95),(152,1,120,1.53),(152,2,15,7.97),(152,5,350,0.8),(153,1,30,1.53),(153,3,60,2.3),(153,4,19,22.45),(153,5,81,0.8),(153,8,144,1.2),(154,1,45,1.53),(154,8,148,1.2),(154,27,8,28.33),(155,6,38.533,2.5),(155,7,40.467,0),(155,9,4,15.6),(155,10,70,9),(155,14,97,2),(156,6,56.0923,2.5),(156,7,78.7881,0),(156,13,2.48505,2.9),(156,14,62,2),(156,30,59.0199,5.5),(156,31,12.4252,29.75),(156,33,93.1894,10),(157,6,38.533,2.5),(157,7,40.467,0),(157,9,2,15.6),(157,10,70,9),(157,14,62,2),(158,6,34.6309,2.5),(158,7,36.3691,0),(158,13,2.48505,2.9),(158,14,62,2),(158,30,59.0199,5.5),(158,31,12.4252,29.75),(158,33,93.1894,10),(159,1,185,1.53),(159,2,26,7.97),(159,5,600,0.8),(160,1,36,1.53),(160,4,20,22.45),(160,5,81,0.8),(160,8,159,1.2),(160,27,9,28.33),(161,3,80,2.3),(161,6,32.6799,2.5),(161,7,34.3202,0),(161,12,39.5312,4),(161,13,1.71875,2.9),(161,15,68.75,1.4),(162,1,41,1.53),(162,8,137,1.2),(163,3,102,2.3),(163,6,48.7759,2.5),(163,7,51.2241,0),(163,9,2,15.6),(163,12,49.2344,4),(163,13,2.14062,2.9),(163,15,85.625,1.4),(164,6,51.2147,2.5),(164,7,53.7853,0),(164,10,41,9),(164,14,58,2),(164,15,29,1.4),(164,20,47,4.95),(165,1,190,1.53),(165,2,27,7.97),(165,5,600,0.8),(166,1,30,1.53),(166,3,63,2.3),(166,4,19,22.45),(166,5,81,0.8),(166,8,144,1.2),(167,6,53.6535,2.5),(167,7,56.3465,0),(167,10,51,9),(167,12,48.5156,4),(167,13,2.10938,2.9),(167,15,84.375,1.4),(168,6,53.6535,2.5),(168,7,56.3465,0),(168,9,2,15.6),(168,10,35,9),(168,12,150,4),(169,6,51.2147,2.5),(169,7,53.7853,0),(169,14,50,2),(169,15,25,1.4),(169,20,50,4.95),(170,6,51.2,2.5),(170,7,53.8,0),(170,14,50,2),(170,15,25,1.4),(170,20,58,4.95),(171,1,140,1.53),(171,2,17,7.97),(171,5,400,0.8),(172,1,30,1.53),(172,3,63,2.3),(172,4,19,22.45),(172,5,81,0.8),(172,8,144,1.2),(173,1,41,1.53),(173,2,8,7.97),(173,8,180,1.2),(174,6,40,2.5),(174,13,21,2.9),(174,14,100,2),(174,27,14,28.33),(175,6,44.3861,2.5),(175,7,46.6139,0),(175,14,60,2),(175,20,41,4.95),(176,1,125,1.53),(176,2,16,7.97),(176,5,351,0.8),(177,1,32,1.53),(177,3,60,2.3),(177,4,19,22.45),(177,5,83,0.8),(177,8,72,1.2),(178,1,41,1.53),(178,6,19.9981,2.5),(178,7,21.0019,0),(178,8,218,1.2),(179,6,34.7255,2.5),(179,7,35.2745,0),(179,9,2.22222,15.6),(179,11,79.3651,2.5),(179,12,26.3492,4),(179,15,62.0635,1.4),(179,33,100,10),(180,1,30,1.53),(180,3,63,2.3),(180,4,19,22.45),(180,5,81,0.8),(180,8,144,1.2),(181,6,46.1353,2.5),(181,7,46.8647,0),(181,9,1.32026,15.6),(181,11,47.1522,2.5),(181,12,15.6545,4),(181,15,36.873,1.4),(181,33,93,10),(182,3,60,2.3),(182,6,56.0569,2.5),(182,7,56.9431,0),(182,14,55,2),(182,15,20,1.4),(182,20,58,4.95),(183,1,32,1.53),(183,3,58,2.3),(183,4,19,22.45),(183,5,82,0.8),(183,8,140,1.2),(184,1,48,1.53),(184,9,1.6,15.6),(184,11,56,2.5),(184,12,18.6,4),(184,15,43.8,1.4),(185,6,44.151,2.5),(185,7,44.849,0),(185,9,1.69935,15.6),(185,11,60.6909,2.5),(185,12,20.1494,4),(185,15,47.4603,1.4),(185,33,78,10),(186,1,40,1.53),(186,4,19,22.45),(186,5,257,0.8),(186,8,155,1.2),(187,6,55.6045,2.5),(187,7,58.3955,0),(187,9,2,15.6),(187,10,77,9),(187,14,2,2),(188,6,60,2.5),(188,13,22,2.9),(188,27,17,28.33),(189,1,30,1.53),(189,4,19,22.45),(189,5,269,0.8),(189,8,106,1.2),(190,6,52.678,2.5),(190,7,55.322,0),(190,10,65,9),(190,14,90,2),(190,15,30,1.4),(190,20,47,4.95),(191,13,4,2.9),(191,20,45,4.95),(191,23,90,3.3),(192,1,30,1.53),(192,3,58,2.3),(192,4,19,22.45),(192,5,83,0.8),(192,8,121,1.2),(192,9,3,15.6),(192,35,7,8),(193,1,30,1.53),(193,3,58,2.3),(193,4,20,22.45),(193,5,81,0.8),(193,9,2,15.6),(193,14,100,2),(194,9,10,15.6),(195,1,32,1.53),(195,3,58,2.3),(195,4,21,22.45),(195,5,81,0.8),(195,8,98,1.2),(196,1,33,1.53),(196,8,122,1.2),(197,6,39.0207,2.5),(197,7,40.9793,0),(197,9,3.96078,15.6),(197,11,70.028,2.5),(197,12,23.2493,4),(197,15,54.7619,1.4),(197,19,82,10.35),(198,6,35.6064,2.5),(198,7,37.3936,0),(198,9,3,15.6),(198,14,50,2),(198,19,72,10.35),(199,1,30,1.53),(199,3,54,2.3),(199,4,20,22.45),(199,5,81,0.8),(199,8,138,1.2),(200,1,30,1.53),(200,3,48,2.3),(200,4,20,22.45),(200,5,83,0.8),(200,8,118,1.2),(201,1,30,1.53),(201,8,100,1.2),(202,6,43.8983,2.5),(202,7,46.1017,0),(202,10,30,9),(202,14,90,2),(202,15,25,1.4),(202,17,14,8),(202,20,47,4.95),(203,6,52.678,2.5),(203,7,55.322,0),(203,10,43,9),(203,14,50,2),(203,15,30,1.4),(203,17,12,8),(203,20,40,4.95),(204,6,48.7759,2.5),(204,7,51.2241,0),(204,14,40,2),(204,15,20,1.4),(204,17,15,8),(204,20,52,4.95),(205,1,30,1.53),(205,3,54,2.3),(205,4,20,22.45),(205,5,83,0.8),(205,14,90,2),(207,6,10,2.5),(207,9,10,15.6),(208,6,48.8,2.5),(208,7,51.2,0),(208,9,2,15.6),(208,10,40,9),(209,6,58.2857,2.5),(209,7,51.7143,0),(210,6,10,2.5),(211,6,41.9473,2.5),(211,7,44.0527,0),(211,9,4,15.6),(211,11,118,2.5),(211,19,77,10.35),(212,6,41.9473,2.5),(212,7,44.0527,0),(212,9,4,15.6),(212,11,118,2.5),(212,19,77,10.35),(213,6,41.9473,2.5),(213,7,44.0527,0),(213,9,4,15.6),(213,10,100,9),(213,11,118,2.5),(214,1,70,1.53),(214,2,8,7.97),(214,5,220,0.8),(214,13,10,2.9),(214,20,50,4.95),(214,23,80,3.3),(215,1,30,1.53),(215,3,54,2.3),(215,4,20,22.45),(215,5,81,0.8),(215,8,147,1.2),(216,6,42.9228,2.5),(216,7,45.0772,0),(216,9,1.7,15.6),(216,11,77,2.5),(216,19,94,10.35),(217,6,42.9228,2.5),(217,7,45.0772,0),(217,9,5.7,15.6),(217,14,100,2),(217,19,94,10.35),(218,6,42.9,2.5),(218,7,45.1,0),(218,9,5.7,15.6),(218,14,100,2),(218,19,117,10.35),(219,1,150,1.53),(219,2,19,7.97),(219,5,240,0.8),(220,1,32,1.53),(220,3,54,2.3),(220,4,19,22.45),(220,5,83,0.8),(220,8,151,1.2),(221,6,48.8,2.5),(221,7,51.2,0),(221,13,1.2,2.9),(221,14,90,2),(221,15,25,1.4),(221,19,47,10.35),(221,20,41,4.95),(222,1,30,1.53),(222,3,53,2.3),(222,4,20,22.45),(222,5,80,0.8),(222,8,136,1.2),(223,3,53,2.3),(223,6,44.3861,2.5),(223,7,46.6139,0),(223,8,127,1.2),(223,9,2,15.6),(224,6,50.7269,2.5),(224,7,65.2826,0),(224,9,2,15.6),(224,13,1.55678,2.9),(224,14,81,2),(224,33,74.0584,10),(224,34,8.8959,25),(224,36,44.4795,5),(225,6,50.7269,2.5),(225,7,65.2826,0),(225,9,2,15.6),(225,13,1.55678,2.9),(225,14,81,2),(225,33,74.0584,10),(225,34,8.8959,25),(225,36,44.4795,5),(226,6,43.8983,2.5),(226,7,58.026,0),(226,13,1.54574,2.9),(226,33,73.5331,10),(226,34,8.83281,25),(226,36,44.164,5),(227,1,114,1.53),(227,5,430,0.8),(228,1,30,1.53),(228,3,53,2.3),(228,4,22,22.45),(228,5,82,0.8),(228,8,110,1.2),(229,1,41,1.53),(229,3,53,2.3),(229,4,22,22.45),(229,5,82,0.8),(229,8,120,1.2),(230,1,36,1.53),(230,3,60,2.3),(230,4,20,22.45),(230,5,81,0.8),(230,8,149,1.2),(231,6,48.7759,2.5),(231,7,51.2241,0),(231,9,5.19436,15.6),(231,11,60.3448,2.5),(231,12,22.6019,4),(231,15,54.8589,1.4),(231,19,76,10.35),(232,1,30,1.53),(232,3,60,2.3),(232,4,19,22.45),(232,5,81,0.8),(232,8,180,1.2),(233,3,57,2.3),(233,6,29.2655,2.5),(233,7,30.7345,0),(233,9,3.5674,15.6),(233,11,43.1035,2.5),(233,12,16.1442,4),(233,15,39.185,1.4),(235,1,30,1.53),(235,3,57,2.3),(235,4,20,22.45),(235,5,82,0.8),(235,8,170,1.2),(236,1,30,1.53),(236,3,61,2.3),(236,4,20,22.45),(236,5,82,0.8),(236,8,170,1.2),(237,3,61,2.3),(237,4,20,22.45),(237,5,82,0.8),(237,9,3,15.6),(237,23,30,3.3),(238,1,30,1.53),(238,4,20,22.45),(238,5,225,0.8),(238,8,130,1.2),(238,37,91,1.5),(239,1,35,1.53),(239,3,58,2.6),(239,8,99,2),(240,1,30,1.53),(240,6,14.145,2.5),(240,7,14.855,0),(240,8,140,1.2),(240,9,1,15.6),(240,17,14,8),(241,6,53.6535,2.5),(241,7,56.3465,0),(241,9,2.59705,15.6),(241,11,64.3079,2.5),(241,12,22.2604,4),(241,15,61.8346,1.4),(241,19,80,10.35),(242,6,52.678,2.5),(242,7,55.322,0),(242,9,1.7199,15.6),(242,11,42.588,2.5),(242,12,14.742,4),(242,14,90,2),(242,15,60.95,1.4),(242,20,51,4.95),(242,25,20,14.64),(243,1,28,1.53),(243,4,20,22.45),(243,5,220,0.8),(243,8,110,1.2),(243,37,82,1.5),(244,3,61,2.3),(244,6,47.8004,2.5),(244,7,50.1996,0),(244,9,4.28747,15.6),(244,11,56.6421,2.5),(244,12,19.6069,4),(244,15,54.4636,1.4),(245,1,41,1.53),(245,2,8,7.97),(245,5,160,0.8),(245,9,1.7715,15.6),(245,11,43.8657,2.5),(245,12,15.1843,4),(245,15,42.1785,1.4),(246,6,43.8983,2.5),(246,7,46.1017,0),(246,9,2.06388,15.6),(246,11,51.1056,2.5),(246,12,17.6904,4),(246,13,3.54348,2.9),(246,15,49.14,1.4),(246,39,64.3116,4),(246,40,5.14493,0),(246,41,86,15),(247,1,30,1.53),(247,3,64,2.3),(247,4,19,22.45),(247,5,81,0.8),(247,8,155,1.2),(248,6,34.1,2.5),(248,7,35.9,0),(248,13,35,2.9),(248,27,70,28.33),(249,6,48.7759,2.5),(249,7,51.2241,0),(249,9,5.57985,15.6),(249,11,63.8821,2.5),(249,12,22.113,4),(249,15,61.4251,1.4),(249,41,82,15),(250,1,30,1.53),(250,3,66,2.3),(250,4,20,22.45),(250,5,81,0.8),(250,9,1,15.6),(250,14,90,2),(251,3,62,2.3),(251,6,43.8983,2.5),(251,7,46.1017,0),(251,9,2,15.6),(251,14,90,2),(252,1,40,1.53),(252,2,5,7.97),(252,5,148,0.8),(252,8,98,1.2),(253,6,45.3616,2.5),(253,7,47.6384,0),(253,9,5.49386,15.6),(253,11,61.7527,2.5),(253,12,21.3759,5),(253,15,59.3776,1.4),(253,41,86,15),(254,13,250,2.9),(255,6,34.6309,2.5),(255,7,36.3691,0),(255,9,3,15.6),(255,14,82,2),(255,41,79,15),(256,1,30,1.53),(256,2,5,7.97),(256,5,120,0.8),(257,1,30,1.53),(257,3,61,2.3),(257,4,19,22.45),(257,5,81,0.8),(257,8,107,1.2),(258,1,35,1.53),(258,2,5,7.97),(258,5,127,0.8),(258,8,82,1.2),(259,1,35,1.53),(259,2,5,7.97),(259,5,127,0.8),(259,8,82,1.2),(260,1,42,1.53),(260,4,19,22.45),(260,5,281,0.8),(260,8,135,1.2),(261,3,64,2.3),(261,6,46.3371,2.5),(261,7,48.6629,0),(261,9,4,15.6),(261,14,96,2),(262,6,50.2392,2.5),(262,7,52.7608,0),(262,9,2,15.6),(262,14,90,2),(262,20,15,4.95),(262,41,84,15),(263,6,76.0904,2.5),(263,7,79.9096,0),(263,13,3.04348,2.9),(263,14,90,2),(263,39,126.812,4),(263,40,10.1449,0),(263,41,124,15),(264,6,48.2857,2.5),(264,7,51.7143,0),(264,9,9,15.6),(265,3,59,2.3),(265,6,49.2637,2.5),(265,7,51.7363,0),(265,8,90,1.2),(265,13,1.19565,2.9),(265,39,49.8188,4),(265,40,3.98551,0),(266,6,46.3371,2.5),(266,7,48.6629,0),(266,9,5,15.6),(266,14,137,2),(266,19,77,10.35),(267,1,30,1.53),(267,3,61,2.3),(267,4,20,22.45),(267,5,81,0.8),(267,8,117,1.2),(268,6,48.7759,2.5),(268,7,51.2241,0),(268,9,2,15.6),(268,13,3.97826,2.9),(268,14,90,2),(268,26,86,11.5),(268,39,82.4275,4),(268,40,6.5942,0),(269,1,30,1.53),(269,2,4,7.97),(269,3,62,2.3),(269,4,20,22.45),(269,5,281,0.8),(269,8,126,1.2),(270,6,46.3371,2.5),(270,7,48.6629,0),(270,9,1.5275,15.6),(270,11,60.009,2.5),(270,12,18.5482,5),(270,13,1.95652,2.9),(270,15,40.9152,1.4),(270,26,55,11.5),(270,39,81.5217,4),(270,40,6.52174,0),(271,6,70.725,2.5),(271,7,74.275,0),(271,9,2.90352,15.6),(271,11,114.067,2.5),(271,12,35.257,5),(271,13,1.52174,2.9),(271,15,77.7728,1.4),(271,26,45,11.5),(271,39,63.4058,4),(271,40,5.07246,0),(272,1,33,1.53),(272,2,4,7.97),(272,5,113,0.8),(272,8,107,1.2),(273,1,40,1.53),(273,2,3,7.97),(273,5,129,0.8),(273,8,110,1.2),(274,3,59,2.3),(274,6,41.9473,2.5),(274,7,44.0527,0),(274,9,3.71686,15.6),(274,11,67.4482,2.5),(274,12,20.8476,5),(274,15,45.9874,1.4),(275,6,47.8004,2.5),(275,7,50.1996,0),(275,9,1.96934,15.6),(275,11,77.367,2.5),(275,12,23.9134,5),(275,15,52.7502,1.4),(275,20,21,4.95),(275,26,122,11.5),(276,1,30,1.53),(276,2,4,7.97),(276,3,62,2.3),(276,4,20,22.45),(276,5,192,0.8),(276,8,117,1.2),(277,6,47.8004,2.5),(277,7,50.1996,0),(277,9,1.83048,15.6),(277,11,71.9116,2.5),(277,12,22.2272,5),(277,15,49.0307,1.4),(277,20,19,4.95),(277,26,69,11.5),(278,1,33,1.53),(278,9,2,15.6),(278,14,104,2),(279,6,43.8983,2.5),(279,7,46.1017,0),(279,9,1.8431,15.6),(279,11,72.4076,2.5),(279,12,22.3805,5),(279,15,49.3688,1.4),(279,20,24,4.95),(279,26,82,11.5),(280,1,30,1.53),(280,2,4,7.97),(280,3,62,2.3),(280,4,19,22.45),(280,5,181,0.8),(280,8,120,1.2),(281,1,34,1.53),(281,2,4,7.97),(281,9,1,15.6),(281,14,107,2),(282,3,61,2.3),(282,6,41.4595,2.5),(282,7,43.5405,0),(282,9,5.09558,15.6),(282,11,82.3264,2.5),(282,12,25.4463,5),(282,15,56.1316,1.4),(283,6,48.7759,2.5),(283,7,51.2241,0),(283,9,2,15.6),(283,14,109,2),(283,34,5,25),(283,39,50,4),(283,41,115,15),(284,6,48.7759,2.5),(284,7,51.2241,0),(284,34,5,25),(284,39,50,4),(284,41,115,15),(285,1,40,1.53),(285,2,5,7.97),(285,4,19,22.45),(285,5,225,0.8),(285,8,120,1.2),(286,1,40,1.53),(286,2,5,7.97),(286,4,19,22.45),(286,5,222,0.8),(286,8,144,1.2),(287,3,59,2.3),(287,6,39.0207,2.5),(287,7,40.9793,0),(287,9,5.89873,15.6),(287,11,34.8101,2.5),(287,12,31.6456,5),(287,15,31.6456,1.4),(288,1,20,1.53),(288,6,48.2857,2.5),(288,7,51.7143,0),(288,9,3,15.6),(288,13,2,2.9),(289,1,30,1.53),(289,2,4,7.97),(289,3,100,2.3),(289,4,10,22.45),(289,5,100,0.8),(289,6,348.286,2.5),(289,7,52.7774,0),(289,9,4,15.6),(289,10,20,9),(289,11,10,2.5),(289,13,0.13289,2.9),(289,14,100,2),(289,16,110,2.31),(289,27,10,28.33),(289,30,3.15615,5.5),(289,31,0.664452,29.75),(289,33,4.98339,10),(289,40,10,0),(289,41,100,15),(290,1,31,1.53),(290,5,111,0.8),(290,9,2,15.6),(290,14,145,2),(291,8,236,1.2),(292,6,40.9717,2.5),(292,7,43.0282,0),(292,9,2.25949,15.6),(292,11,41.424,2.5),(292,12,37.6582,5),(292,13,3.66792,2.9),(292,15,60.4808,1.4),(292,39,81.5094,4),(292,41,81,15),(293,1,32,1.53),(293,2,7,7.97),(293,4,20,22.45),(293,5,202,0.8),(293,8,107,1.2),(294,1,32,1.53),(294,2,4,7.97),(294,3,110,0),(294,5,199,0.8),(294,6,50,0),(294,7,10,0),(294,9,11,0),(294,16,10,0),(294,27,10,0),(294,37,100,0),(294,38,10,0),(294,39,10,0),(294,41,10,0),(295,1,32,1.53),(295,2,4,7.97),(295,4,19,22.45),(295,5,199,0.8),(295,8,120,2.1),(296,3,58,2.3),(296,6,49.2637,2.5),(296,7,51.7363,0),(296,9,4,15.6),(296,14,115,2),(296,17,12,8),(297,1,32,1.53),(297,2,7,7.97),(297,4,20,22.45),(297,5,200,0.8),(297,8,122,2.1),(298,1,32,1.53),(298,2,4,7.97),(298,5,122,0.8),(298,8,145,2.1),(299,6,47.8,2.65),(299,7,50.2,0),(299,14,60,2.2),(299,15,15,1.8),(299,20,56,5.2),(300,1,10,1.53),(300,2,10,7.97),(300,3,10,2.3),(300,4,10,22.45),(300,5,10,0.8),(300,6,48.7759,2.5),(300,7,51.2241,0),(300,15,10,1.4),(300,19,10,10.35),(300,30,10,5.5),(301,1,48,1.53),(301,2,9,7.97),(301,5,145,0.8),(301,6,51.2,2.5),(301,7,53.8,0),(301,13,3,2.9),(301,41,144,15),(301,42,75,9.9),(302,1,35,1.53),(302,2,4,7.97),(302,4,19,22.45),(302,5,205,0.8),(302,8,142,2.1),(303,6,18.5348,2.5),(303,7,19.4652,0),(303,9,3,15.6),(303,14,144,2),(303,41,101,15),(304,1,41,1.53),(304,8,122,1.2),(305,6,49.3,2.65),(305,7,53.7,0),(305,14,65,2),(305,15,23,1.4),(305,20,38,5.1),(306,6,49.3,2.65),(306,7,53.7,0),(306,14,65,2),(306,15,23,1.4),(306,20,38,5.1),(307,6,58,2.65),(307,7,53.7,0),(307,14,65,2),(307,15,23,1.4),(307,20,53,5.1),(308,1,34,1.53),(308,2,5,7.97),(308,4,20,22.45),(308,5,200,0.8),(308,8,196,2.1),(309,1,32,1.53),(309,2,4,7.97),(309,4,19,22.45),(309,5,200,0.8),(309,8,142,2.1),(310,6,38.3,2.65),(310,7,41.7,0),(310,9,5,15.6),(310,14,144,2),(310,33,83,12.5),(311,1,42,1.53),(311,8,141,1.2),(312,6,43.115,2.65),(312,7,46.885,0),(312,13,4,2.9),(312,14,84,2),(312,17,14,8),(312,41,76,15),(313,1,48,1.53),(313,2,7,7.97),(313,5,125,0.8),(313,6,86.7091,2.65),(313,7,94.2909,0),(313,13,3,2.9),(313,14,100,2),(313,41,150,15),(314,1,44,1.53),(314,2,7,7.97),(314,4,19,22.45),(314,5,85,0.8),(314,8,170,1.2),(315,1,30,1.53),(315,2,4,7.97),(315,4,19,22.45),(315,5,196,0.8),(315,8,152,1.2),(316,6,38.3244,2.65),(316,7,41.6756,0),(316,13,3,2.9),(316,14,75,2),(316,17,12,8),(316,41,78,15),(317,1,31,1.53),(317,2,4,7.97),(317,4,20,22.45),(317,5,199,0.8),(317,8,137,1.2),(318,1,40,1.53),(318,8,130,1.2),(319,1,40,1.53),(319,8,130,1.2),(320,1,40,1.53),(320,8,122,1.2),(321,6,53.6542,2.65),(321,7,58.3458,0),(321,14,91,2),(321,15,20,1.4),(321,20,72,5.1),(322,1,40,1.53),(322,2,4,7.97),(322,5,120,0.8),(323,6,44.0731,2.65),(323,7,47.9269,0),(323,9,2.19393,15.6),(323,11,35.5417,2.5),(323,12,37.7356,5),(323,15,59.5287,1.4),(323,33,70,10),(323,34,4,25),(323,39,50,4),(324,1,40,1.53),(324,2,5,7.97),(324,4,21,22.45),(324,5,90,0.8),(324,8,125,1.2),(325,3,56,2.3),(325,6,32.6,2.65),(325,7,35.4,0),(325,9,5.2,15.6),(325,11,36.1,2.5),(325,12,38.3,5),(325,15,60.4,1.4),(326,6,47.9056,2.65),(326,7,52.0944,0),(326,9,2.60022,15.6),(326,11,42.1235,2.5),(326,12,44.7237,5),(326,15,70.5526,1.4),(326,33,67.7419,10),(326,34,3.87097,25),(326,39,48.3871,4),(327,6,28.2643,2.65),(327,7,30.7357,0),(327,9,1.18635,15.6),(327,11,19.2189,2.5),(327,12,20.4052,5),(327,15,32.1896,1.4),(327,33,58.1452,10),(327,34,3.32258,25),(327,39,41.5323,4),(328,1,31,1.53),(328,2,6,7.97),(328,4,20,22.45),(328,5,202,0.8),(328,8,116,1.2),(329,1,36,1.53),(329,2,4,7.97),(329,5,120,0.8),(329,8,106,1.2),(330,1,36,1.53),(330,2,5,7.97),(330,5,128,0.8),(331,1,36,1.53),(331,2,5,7.97),(331,5,128,0.8),(332,1,40,1.53),(332,4,19,22.45),(332,5,82,0.8),(332,8,174,1.2),(332,27,10,28.33),(333,1,38,1.53),(333,2,7,7.97),(333,4,19,22.45),(333,5,82,0.8),(333,8,55.4595,1.2),(333,9,1.98817,15.6),(333,12,20.9281,5),(333,15,36.6242,1.4),(333,27,10,28.33),(334,1,40,1.53),(334,2,7,7.97),(334,4,19,22.45),(334,5,83,0.8),(334,8,57.9,1.2),(334,9,2.1,15.6),(334,12,21.8,5),(334,15,38.2,1.4),(334,27,10,28.33),(335,1,40,1.53),(335,8,57.9,1.2),(335,9,2.1,15.6),(335,12,21.8,5),(335,15,38.2,1.4),(335,27,10,28.33),(336,1,30,1.53),(336,2,5,7.97),(336,4,19,22.45),(336,5,83,0.8),(336,8,122,1.85),(336,27,8,28.33),(337,1,37,1.53),(337,4,19,22.45),(337,5,81,0.8),(337,8,136,1.2),(337,27,10,28.33),(338,1,39,1.53),(338,2,8,7.97),(338,8,180.227,1.2),(338,13,0.981949,2.9),(338,27,10,28.33),(338,43,11,8.15),(338,44,17.7906,2.7),(339,6,42.6627,2.65),(339,7,43.3373,0),(339,8,61.4994,1.2),(339,13,3.80881,2.9),(339,44,37.4344,2.7),(339,45,49.789,3),(339,46,66.4684,11.25),(340,13,0.7827,2.9),(340,45,22.3629,3),(340,46,29.8544,11.25),(341,6,47.1275,2.65),(341,7,47.8726,0),(341,8,66.9795,1.2),(341,13,3.63849,2.9),(341,43,21,8.15),(341,44,40.7702,2.7),(341,45,39.6624,3),(341,46,52.9494,11.25),(342,1,35,1.53),(342,2,8,7.97),(342,4,19,22.45),(342,5,82,0.8),(342,8,151,1.8),(342,27,10,28.33),(343,1,37,1.53),(343,2,8,7.97),(343,4,9,22.45),(343,5,205,0.8),(344,1,40,1.53),(344,2,8,7.97),(345,1,40,1.53),(345,2,7,7.97),(345,5,79,0.8),(345,8,100,1.2),(345,47,20,8),(346,14,82,2),(346,15,20,1.4),(346,48,57,3.35),(346,49,34,5),(347,14,120,2),(347,15,25,1.4),(347,48,76,3.35),(347,49,47,5),(348,1,40,1.53),(348,2,9,7.97),(348,5,79,0.8),(348,8,107,2.2),(348,27,10,20),(348,47,19,8),(349,1,37,1.53),(349,2,6,7.97),(349,8,127,2.2),(349,27,10,20),(350,14,90,2),(350,15,30,1.4),(350,48,83,3.35),(350,49,55,5),(351,48,57,3.35),(351,49,25,5),(352,1,31,1.53),(352,2,8,7.97),(352,5,79,0.8),(352,8,107,2.2),(352,27,10,20),(352,47,19,8),(353,1,36,1.53),(353,2,7,7.97),(353,4,20,22.45),(353,5,75,0.8),(353,27,7,20),(353,50,116,2),(353,51,10,5),(353,52,39,2.5),(354,6,33,2.65),(354,13,2,2.9),(354,50,160,2),(354,51,7,5),(354,52,37,2.5),(355,1,32,1.53),(355,2,9,7.97),(355,4,19,20),(355,5,77,0.8),(355,27,8,20),(355,50,130,2),(356,1,30,1.53),(356,2,5,7.97),(356,5,137,0.8),(356,27,9,20),(356,50,103,2),(357,1,30,1.53),(357,2,6,7.97),(357,4,20,22.45),(357,5,80,0.8),(357,27,7,20),(357,50,155,2),(358,1,40,1.53),(359,6,25,2.65),(359,13,5,2.9),(359,14,90,2),(359,46,68,11.25),(360,6,25,2.65),(360,13,5,2.9),(360,14,90,2),(360,46,68,11.25),(360,49,19,5),(361,1,30,1.53),(361,2,9,7.97),(361,4,19,22.45),(361,5,80,0.8),(361,27,9,20),(361,50,150,2),(362,1,30,1.53),(362,2,6,7.97),(362,27,11,20),(362,50,105,2),(363,6,38,2.65),(363,14,90,2),(363,15,20,1.4),(363,49,37,5),(364,1,27,1.53),(364,2,8,7.97),(364,5,180,0.8),(364,8,100,1.2),(364,14,40,2),(364,51,9,5),(364,52,39,2.5),(365,1,29,1.53),(365,2,8,7.97),(365,5,200,0.8),(365,8,122,1.2),(365,14,40,2),(365,51,7,5),(365,52,37,2.5),(366,1,39,1.53),(366,2,7,7.97),(366,5,130,0.8),(366,8,136,1.2),(367,1,29,1.53),(367,2,8,7.97),(367,4,19,22.45),(367,5,177,0.8),(367,8,120,1.2),(367,51,9,5),(367,52,39,2.5),(368,1,30,1.53),(368,4,19,22.45),(368,5,73,0.8),(368,8,100,1.2),(368,51,9,5),(368,52,40,2.5),(368,53,80,1.5),(369,7,48.6513,0),(369,8,130,1.2),(369,13,2.4,2.9),(369,17,15,8),(369,51,10,5),(369,52,40,2.5),(369,54,25.3487,3.12),(370,7,49.3088,0),(370,8,120,1.2),(370,13,3,2.9),(370,17,10,8),(370,27,8,20),(370,53,52,1.5),(370,54,25.6912,3.12),(371,7,45.3641,0),(371,49,29,5),(371,54,23.6359,3.12),(371,55,14,0),(372,7,52.596,0),(372,49,45,5),(372,54,27.404,3.12),(373,4,19,22.45),(373,5,73,0.8),(373,8,138,1.2),(373,51,9,5),(373,52,44,2.5),(373,53,127,1.5),(373,56,33,2),(374,2,8,7.97),(374,5,140,0.8),(374,8,115,1.2),(374,56,31,2),(375,1,31,1.53),(375,2,5,7.97),(375,9,2,15.6),(375,14,100,2),(375,27,7,20),(375,55,18,0),(376,2,11,7.97),(376,4,20,22.45),(376,5,72,0.8),(376,13,1,2.9),(376,14,113,2),(376,27,8,20),(376,56,36,2),(377,2,7,7.97),(377,13,1,2.9),(377,14,103,2),(377,27,8,20),(377,56,36,2),(378,1,35,1.53),(378,2,6,7.97),(378,12,100,5),(378,27,10,20),(379,13,3,2.9),(379,14,54,2),(379,51,11,5),(379,52,43,2.5),(379,54,25,3.12),(380,13,3,2.9),(380,14,54,2),(380,51,11,5),(380,52,43,2.5),(380,54,25,3.12),(381,1,42,1.53),(381,2,9,7.97),(381,5,135,0.8),(382,1,31,1.53),(382,2,10,7.97),(382,4,20,22.45),(382,5,73,0.8),(382,27,10,20),(383,8,155,1.2),(383,9,2,15.6),(383,51,8,5),(383,52,39,2.5),(383,56,30,2),(384,9,2,15.6),(384,13,2,2.9),(384,14,170,2),(384,41,72,15),(384,56,30,2),(385,9,2,15.6),(385,13,2,2.9),(385,14,90,2),(385,41,75,15),(385,56,30,2),(386,2,8,7.97),(386,8,160,1.2),(386,27,8,20),(386,56,35,2),(387,2,5,7.97),(387,4,19,22.45),(387,5,180,0.8),(387,8,139,1.2),(387,56,30,2),(388,7,55.8833,0),(388,12,100,5),(388,13,4,2.9),(388,41,66,15),(388,54,29.1167,3.12),(389,7,49.3088,0),(389,13,3,2.9),(389,14,52,2),(389,17,12,8),(389,51,10,5),(389,52,40,2.5),(389,54,25.6912,3.12);
/*!40000 ALTER TABLE `dining_food` ENABLE KEYS */;
UNLOCK TABLES;

--
-- Table structure for table `food`
--

DROP TABLE IF EXISTS `food`;
/*!40101 SET @saved_cs_client     = @@character_set_client */;
/*!40101 SET character_set_client = utf8 */;
CREATE TABLE `food` (
  `id` int(10) unsigned NOT NULL AUTO_INCREMENT,
  `name` varchar(80) CHARACTER SET utf8 COLLATE utf8_swedish_ci DEFAULT NULL,
  `energy` smallint(5) unsigned NOT NULL,
  `protein` float unsigned NOT NULL,
  `carbs` float unsigned NOT NULL,
  `fat` float unsigned NOT NULL,
  `fiber` float unsigned NOT NULL,
  `natrium` float unsigned NOT NULL,
  `unitPrice` float unsigned NOT NULL,
  `type` varchar(25) CHARACTER SET utf8 COLLATE utf8_swedish_ci NOT NULL DEFAULT 'Undefined',
  `isPublic` tinyint(1) NOT NULL DEFAULT '1',
  `userId` int(10) unsigned NOT NULL,
  PRIMARY KEY (`id`),
  KEY `fk_userId` (`userId`),
  CONSTRAINT `fk_food_userId` FOREIGN KEY (`userId`) REFERENCES `user` (`id`) ON DELETE CASCADE ON UPDATE CASCADE
) ENGINE=InnoDB AUTO_INCREMENT=57 DEFAULT CHARSET=utf8;
/*!40101 SET character_set_client = @saved_cs_client */;

--
-- Dumping data for table `food`
--

LOCK TABLES `food` WRITE;
/*!40000 ALTER TABLE `food` DISABLE KEYS */;
INSERT INTO `food` VALUES (1,'Kaurahiutale - Rainbow luomu',360,14,56,6.9,11,0,1.53,'grain',1,10),(2,'Pellavasiemenrouhe - Valo24h',554,21,4,44,29,0,7.97,'seed',1,10),(3,'Kananmuna - Kuoreton - Fineli',134,12.6,0.3,9.2,0,0.11,2.3,'egg',1,11),(4,'Kahvi - Vaniljakahvi Robert Paulig',0,0,0,0,0,0,22.45,'coffee',1,10),(5,'Maito - Kevytmaito Pirkka',47,3.5,4.8,1.5,0,0,0.8,'dairy',1,10),(6,'Riisi - Täysjyväpikariisi Pirkka',360,8,74,2.8,2.4,0,2.65,'grain',1,10),(7,'Vesi - Hanavesi',0,0,0,0,0,0,0,'other',1,10),(8,'Kaali - Valkokaali, keräkaali - Fineli',28,1.2,4.1,0.2,2.1,0,1.2,'vegetable',1,10),(9,'Seesamiöljy - Foodie.fi',828,0,0,100,0,0,15.6,'vegetable-oil',1,10),(10,'Tonnikala - Paloina öljyssä Rainbow',177,23,0,9.4,0,0.41,9,'fish',1,10),(11,'Parsakaali - Fineli',35,4.6,1.9,0.3,2.5,0,2.5,'vegetable',1,10),(12,'Paprika - Punainen - Fineli',28,0.9,4.5,0.3,1.9,0,5,'vegetable',1,10),(13,'Rypsiöljy',884,0,0,100,0,0,2.9,'vegetable-oil',1,10),(14,'Tomaatti - Fineli',23,0.6,3.5,0.3,1.4,0,2,'vegetable',1,10),(15,'Sipuli -Fineli',30,1.2,4.8,0.2,1.7,0,1.4,'vegetable',1,10),(16,'Ketsuppi -Felix tavallinen - Foodie.fi',85,1.2,18,0,0,0.88,2.31,'ketchup',1,10),(17,'Valkosipuli - Fineli',108,7.9,16.3,0.6,2.1,0,8,'vegetable',1,10),(18,'Broilerin jauheliha - Pirkka',120,19,0,5,0,0.04,7.5,'chicken',1,10),(19,'Broilerin jauheliha paistettu 290/400g - Pirkka',165,26.2,0,6.9,0,0.06,10.35,'chicken',1,10),(20,'Juusto - Edam Pirkka',330,28,0,24,0,0.54,5.1,'dairy',1,10),(21,'Mysli - Finax Pähkinä & Hedelmä',380,9.3,59,10,9.7,0.07,4.33,'other',1,10),(22,'Jauheliha - Naudan jauheliha 10% Pirkka',150,20.3,0,8,0,0,9,'meat',1,10),(23,'Leipä - Reilu vehnälese Oululainen',254,9.4,46,2.4,6.1,0.5,3.3,'grain',1,10),(24,'Tonnikala - vaalea paloina öljyssä Rainbow',144,27,0,4,0,0.52,13.21,'fish',1,10),(25,'Sinihomejuusto - Aurajuusto Valio',340,18,0,29,0,1.24,14.64,'dairy',1,10),(26,'Broilerin jauheliha 260/400 = 1,5x',180,28.5,0,7.5,0,0.4,11.5,'chicken',1,10),(27,'Proteiinijauhe - Leader Soija+ ',382,90,4.5,0.4,0,0,20,'vegetable',1,10),(28,'Korppujauho - Rainbow X-tra',380,13,76,2,0,0,2.2,'grain',1,10),(29,'Sokeri - Fineli',406,0,99.9,0,0,0,1,'candy',1,10),(30,'Ranskankerma - X-tra creme fraiche 20%',204,2.8,3.3,20,0,0,5.5,'dairy',1,10),(31,'Mausteseos - Santa Maria tikka masala',301,7.9,52,4.4,0,6,29.75,'vegetable',1,10),(32,'Kanafilee suikaleet - Kanamestari',110,23,0,2,0,0,6.64,'vegetable',1,10),(33,'Kanafilee suikaleet - Kanamestari 1,5x paistettu',165,34.5,0,3,0,0,10,'chicken',1,10),(34,'Mausteseos -Santa Maria Kerala Curry',303,9.9,46,6.3,11,6,25,'vegetable',1,10),(35,'Seesamin siemen',600,18,11,50,12,0,8,'seed',1,10),(36,'Ranskankerma - Milbona Lidl',291,2.3,3,30,0,0,5,'dairy',1,10),(37,'Banaani - kuorittu Fineli',87,1.1,18.3,0.4,1.8,0,1.5,'fruit',1,10),(38,'Kananmuna - Fineli keitetty',134,12.6,0.3,9.2,0,0.11,2.5,'egg',1,10),(39,'Ruokakerma - Flora kevyt & paksu',57,1.1,3.8,4,0,0,4,'dairy',1,10),(40,'Herkkusieni - Fineli',15,2.1,0.3,0.2,0,0,0,'vegetable',1,10),(41,'Kanafilee - Atria ohut paistettu',153,28.5,3,3,0,0,15,'chicken',1,10),(42,'Suklaa - Fazer pätkis',492,3.5,60,26,0,0,9.9,'choklad',1,10),(43,'Juusto - Emmental X-tra',375,28,0.1,29,0,0.2,8.15,'dairy',1,10),(44,'Sipuli 1,5x',45,1.8,7.2,0.3,2.55,0,2.7,'vegetable',1,10),(45,'Ruokakerma - Rainbow 7%',85,1.4,4.2,7,0,0,3,'dairy',1,10),(46,'Kanan jauheliha - Rainbow 3% 1,5x',153,27,0,4.5,0,0,11.25,'chicken',1,10),(47,'Kahvi - Brazil',0,0,0,0,0,0,8,'coffee',1,10),(48,'Leipä - Fazer täysjyvä paahto',254,9.3,43,3.6,7.3,0.44,3.35,'grain',1,10),(49,'Juusto - Valio arkijuusto',324,27,0,24,0,0.6,5,'vegetable',1,10),(50,'Varhaiskaali',28,1.2,4.1,0.2,2.1,0,2,'vegetable',1,10),(51,'Kananmunan keltuainen - Fineli',323,15.9,0.2,29.2,0,0,5,'egg',1,10),(52,'Kananmunan valkuainen - Fineli',46,10.8,0.4,0.1,0,0,2.5,'egg',1,10),(53,'Maito - Täysmaito Arla luomu',70,3.2,4.8,4.2,0,0,1.5,'dairy',1,10),(54,'Riisi - Risella täysjyvä pika',355,8,72,2.8,4.8,0,3.12,'grain',1,10),(55,'Fetajuusto - Kolios',275,16,0,23,0,1.2,0,'dairy',1,10),(56,'Ruishiutale - Myllärin luomu',330,10,58,2.8,20,0,2,'grain',1,10);
/*!40000 ALTER TABLE `food` ENABLE KEYS */;
UNLOCK TABLES;

--
-- Table structure for table `serving`
--

DROP TABLE IF EXISTS `serving`;
/*!40101 SET @saved_cs_client     = @@character_set_client */;
/*!40101 SET character_set_client = utf8 */;
CREATE TABLE `serving` (
  `id` int(10) unsigned NOT NULL AUTO_INCREMENT,
  `name` varchar(40) CHARACTER SET utf8 COLLATE utf8_swedish_ci NOT NULL,
  `energy` smallint(5) unsigned NOT NULL,
  `created` timestamp NOT NULL DEFAULT CURRENT_TIMESTAMP,
  `comments` varchar(512) CHARACTER SET utf8 COLLATE utf8_swedish_ci DEFAULT NULL,
  `userId` int(10) unsigned NOT NULL,
  `active` tinyint(1) NOT NULL DEFAULT '1',
  PRIMARY KEY (`id`),
  KEY `fk_serving_userId` (`userId`),
  CONSTRAINT `fk_serving_userId` FOREIGN KEY (`userId`) REFERENCES `user` (`id`) ON DELETE CASCADE ON UPDATE CASCADE
) ENGINE=InnoDB AUTO_INCREMENT=46 DEFAULT CHARSET=utf8;
/*!40101 SET character_set_client = @saved_cs_client */;

--
-- Dumping data for table `serving`
--

LOCK TABLES `serving` WRITE;
/*!40000 ALTER TABLE `serving` DISABLE KEYS */;
INSERT INTO `serving` VALUES (13,'Riisi - 5.3.2016',1800,'2016-03-06 09:57:46','',10,1),(14,'Riisi - 8.3.2016',1814,'2016-03-08 15:12:53','',10,1),(15,'PSP - 8.3.2016',382,'2016-03-08 15:15:31','',10,1),(16,'Riisi - 19.3.2016',1814,'2016-03-19 13:07:46','',10,1),(17,'ParsakaaliSipuli - 20.3.2016',322,'2016-03-20 16:07:00','',10,1),(18,'PSP - 23.3.2016',546,'2016-03-23 12:02:56','',10,1),(19,'Riisi suolaton - 26.3.2016',1825,'2016-03-26 08:46:06','',10,1),(20,'PSP - 28.3.2015',442,'2016-03-28 17:36:12','',10,1),(21,'Riisi suolaton - 7.4.2016',1865,'2016-04-07 14:54:15','',10,1),(22,'Parsakaali ja seesamiöljy',274,'2016-04-07 14:55:01','',10,1),(23,'Lihamureke - 8.4.2016',871,'2016-04-09 04:47:05','',10,1),(24,'Kanamureke - 10.4.2016',859,'2016-04-11 04:25:58','',10,1),(25,'PSP - 10.4.2016',483,'2016-04-11 04:33:44','',10,1),(26,'Kanatorilla - Hesbureger',547,'2016-04-13 09:12:56','',10,1),(27,'Tikka masala kanafilee suikaleista',1074,'2016-04-15 17:48:40','',10,1),(28,'PaprikaSipuli - 17.4.2016',272,'2016-04-17 08:56:55','',10,1),(29,'PSP - 20.4.2016',454,'2016-04-20 15:21:47','',10,1),(30,'Riisi - 20.4.2016',1822,'2016-04-20 15:24:50','',10,1),(31,'Kerava Curry',1024,'2016-04-22 10:21:33','',10,1),(32,'Kerava Curry - Milbona',1314,'2016-05-31 19:06:06','',10,1),(33,'PSP - 2.6.2016',567,'2016-06-04 14:02:21','',10,1),(34,'PSP - 23.6.2016',556,'2016-06-24 04:31:42','',10,1),(35,'Herkkusienikasktike',199,'2016-06-25 10:17:56','',10,1),(36,'PSP - 30.6.2016',470,'2016-06-30 05:38:11','',10,1),(37,'PSP - 23.7.2016',292,'2016-07-24 07:16:24','',10,1),(38,'Sipulikastike',211,'2016-07-24 16:47:17','',10,1),(39,'Riisi 7g suolaa - 29.7.2016',2264,'2016-07-29 15:43:32','',10,1),(40,'PSP - 3.8.2016',403,'2016-08-03 09:56:34','',10,1),(41,'Kanakastike - Flora kevyt&paksu',782,'2016-08-03 09:59:38','',10,1),(42,'KSP',466,'2016-08-09 08:35:30','',10,1),(43,'KaaliSipuli - 2.9.2016',431,'2016-09-02 14:45:54','',10,1),(44,'Kananjauheliha kastike - 2.9.2016',641,'2016-09-02 16:23:05','',10,1),(45,'Riisi - Risella täysjyvä pika 29.9.18',792,'2018-10-01 12:16:36','',10,1);
/*!40000 ALTER TABLE `serving` ENABLE KEYS */;
UNLOCK TABLES;

--
-- Table structure for table `serving_food`
--

DROP TABLE IF EXISTS `serving_food`;
/*!40101 SET @saved_cs_client     = @@character_set_client */;
/*!40101 SET character_set_client = utf8 */;
CREATE TABLE `serving_food` (
  `servingId` int(10) unsigned NOT NULL,
  `foodId` int(10) unsigned NOT NULL,
  `foodGrams` float unsigned NOT NULL,
  PRIMARY KEY (`servingId`,`foodId`)
) ENGINE=InnoDB DEFAULT CHARSET=utf8;
/*!40101 SET character_set_client = @saved_cs_client */;

--
-- Dumping data for table `serving_food`
--

LOCK TABLES `serving_food` WRITE;
/*!40000 ALTER TABLE `serving_food` DISABLE KEYS */;
INSERT INTO `serving_food` VALUES (1,1,70),(13,6,500),(13,7,424),(14,6,504),(14,7,527),(15,11,250),(15,12,104),(15,13,13),(15,15,500),(16,6,504),(16,7,541),(17,9,11),(17,11,330),(17,15,383),(18,9,20),(18,11,501),(18,12,207),(18,15,490),(19,6,507),(19,7,543),(20,9,15),(20,11,405),(20,12,228),(20,15,374),(21,6,518),(21,7,544),(22,9,12),(22,11,500),(23,3,59),(23,5,97),(23,13,13),(23,15,227),(23,22,350),(23,23,15),(24,3,59),(24,5,98),(24,13,13),(24,15,160),(24,18,400),(24,28,24),(25,9,16),(25,11,500),(25,12,244),(25,15,360),(26,13,33.8),(26,27,26.6),(26,29,36),(27,7,64),(27,13,8),(27,30,190),(27,31,40),(27,33,300),(28,12,230),(28,13,10),(28,15,400),(29,9,14),(29,11,500),(29,12,166),(29,15,391),(30,6,506),(30,7,514),(31,30,200),(31,32,450),(31,34,40),(32,7,54),(32,13,7),(32,33,333),(32,34,40),(32,36,200),(33,9,20),(33,11,550),(33,12,206),(33,15,500),(34,9,21),(34,11,520),(34,12,180),(34,15,500),(35,13,6),(35,39,250),(35,40,20),(36,9,14),(36,11,550),(36,12,170),(36,15,375),(37,9,12),(37,11,220),(37,12,200),(37,15,200),(38,13,9),(38,15,56),(38,39,200),(39,6,629),(39,7,684),(40,9,15),(40,11,243),(40,12,258),(40,15,407),(41,33,350),(41,34,20),(41,39,250),(42,8,530),(42,9,19),(42,12,200),(42,15,350),(43,8,506),(43,13,17),(43,44,308),(44,13,7),(44,45,200),(44,46,267),(45,7,428),(45,54,223);
/*!40000 ALTER TABLE `serving_food` ENABLE KEYS */;
UNLOCK TABLES;

--
-- Table structure for table `user`
--

DROP TABLE IF EXISTS `user`;
/*!40101 SET @saved_cs_client     = @@character_set_client */;
/*!40101 SET character_set_client = utf8 */;
CREATE TABLE `user` (
  `id` int(11) unsigned NOT NULL,
  `firstName` varchar(20) CHARACTER SET utf8 COLLATE utf8_swedish_ci NOT NULL,
  `lastName` varchar(20) CHARACTER SET utf8 COLLATE utf8_swedish_ci DEFAULT NULL,
  `email` varchar(45) CHARACTER SET utf8 COLLATE utf8_swedish_ci NOT NULL,
  `phone` varchar(20) CHARACTER SET utf8 COLLATE utf8_swedish_ci DEFAULT NULL,
  `password` char(40) CHARACTER SET utf8 COLLATE utf8_swedish_ci NOT NULL,
  `weight` smallint(6) DEFAULT NULL,
  `height` smallint(6) DEFAULT NULL,
  `gender` char(6) CHARACTER SET utf8 COLLATE utf8_swedish_ci DEFAULT NULL,
  `birthDay` date DEFAULT NULL,
  `street` varchar(45) CHARACTER SET utf8 COLLATE utf8_swedish_ci DEFAULT NULL,
  `zip` char(5) CHARACTER SET utf8 COLLATE utf8_swedish_ci DEFAULT NULL,
  `city` varchar(20) CHARACTER SET utf8 COLLATE utf8_swedish_ci DEFAULT NULL,
  `userGroup` varchar(45) CHARACTER SET utf8 COLLATE utf8_swedish_ci DEFAULT NULL,
  PRIMARY KEY (`id`)
) ENGINE=InnoDB DEFAULT CHARSET=utf8;
/*!40101 SET character_set_client = @saved_cs_client */;

--
-- Dumping data for table `user`
--

LOCK TABLES `user` WRITE;
/*!40000 ALTER TABLE `user` DISABLE KEYS */;
INSERT INTO `user` VALUES (10,'Kaitsu','Hänninen','kaitsu.email@gmail.com','','f0af34b4fcd39180626a731fed86f957152e3338',83,172,'male','1974-04-19','','','','ADMIN'),(11,'Lissu','Lappu','lissu.lappu@gmail.com','','269dc33e1f7a369b8471f7fada1b66f1dc5d666d',60,160,'female','1998-03-01',NULL,NULL,NULL,'USER');
/*!40000 ALTER TABLE `user` ENABLE KEYS */;
UNLOCK TABLES;
/*!40103 SET TIME_ZONE=@OLD_TIME_ZONE */;

/*!40101 SET SQL_MODE=@OLD_SQL_MODE */;
/*!40014 SET FOREIGN_KEY_CHECKS=@OLD_FOREIGN_KEY_CHECKS */;
/*!40014 SET UNIQUE_CHECKS=@OLD_UNIQUE_CHECKS */;
/*!40101 SET CHARACTER_SET_CLIENT=@OLD_CHARACTER_SET_CLIENT */;
/*!40101 SET CHARACTER_SET_RESULTS=@OLD_CHARACTER_SET_RESULTS */;
/*!40101 SET COLLATION_CONNECTION=@OLD_COLLATION_CONNECTION */;
/*!40111 SET SQL_NOTES=@OLD_SQL_NOTES */;

-- Dump completed on 2018-10-18  9:25:04
